{
    "status": 2, 
    "raster_data": [
        {
            "files": [
                {
                    "path": "F101992.v4b_web.stable_lights.avg_vis_calibrated.tif", 
                    "$$hashKey": "object:14172", 
                    "name": "v4composites_calibrated_201709_1992", 
                    "display": "1992"
                }, 
                {
                    "path": "F101993.v4b_web.stable_lights.avg_vis_calibrated.tif", 
                    "$$hashKey": "object:14173", 
                    "name": "v4composites_calibrated_201709_1993", 
                    "display": "1993"
                }, 
                {
                    "path": "F121994.v4b_web.stable_lights.avg_vis_calibrated.tif", 
                    "$$hashKey": "object:14174", 
                    "name": "v4composites_calibrated_201709_1994", 
                    "display": "1994"
                }, 
                {
                    "path": "F121995.v4b_web.stable_lights.avg_vis_calibrated.tif", 
                    "$$hashKey": "object:14175", 
                    "name": "v4composites_calibrated_201709_1995", 
                    "display": "1995"
                }, 
                {
                    "path": "F121996.v4b_web.stable_lights.avg_vis_calibrated.tif", 
                    "$$hashKey": "object:14176", 
                    "name": "v4composites_calibrated_201709_1996", 
                    "display": "1996"
                }, 
                {
                    "path": "F141997.v4b_web.stable_lights.avg_vis_calibrated.tif", 
                    "$$hashKey": "object:14177", 
                    "name": "v4composites_calibrated_201709_1997", 
                    "display": "1997"
                }, 
                {
                    "path": "F141998.v4b_web.stable_lights.avg_vis_calibrated.tif", 
                    "$$hashKey": "object:14178", 
                    "name": "v4composites_calibrated_201709_1998", 
                    "display": "1998"
                }, 
                {
                    "path": "F141999.v4b_web.stable_lights.avg_vis_calibrated.tif", 
                    "$$hashKey": "object:14179", 
                    "name": "v4composites_calibrated_201709_1999", 
                    "display": "1999"
                }, 
                {
                    "path": "F152000.v4b_web.stable_lights.avg_vis_calibrated.tif", 
                    "$$hashKey": "object:14180", 
                    "name": "v4composites_calibrated_201709_2000", 
                    "display": "2000"
                }, 
                {
                    "path": "F152001.v4b_web.stable_lights.avg_vis_calibrated.tif", 
                    "$$hashKey": "object:14181", 
                    "name": "v4composites_calibrated_201709_2001", 
                    "display": "2001"
                }, 
                {
                    "path": "F152002.v4b_web.stable_lights.avg_vis_calibrated.tif", 
                    "$$hashKey": "object:14182", 
                    "name": "v4composites_calibrated_201709_2002", 
                    "display": "2002"
                }, 
                {
                    "path": "F152003.v4b_web.stable_lights.avg_vis_calibrated.tif", 
                    "$$hashKey": "object:14183", 
                    "name": "v4composites_calibrated_201709_2003", 
                    "display": "2003"
                }, 
                {
                    "path": "F162004.v4b_web.stable_lights.avg_vis_calibrated.tif", 
                    "$$hashKey": "object:14184", 
                    "name": "v4composites_calibrated_201709_2004", 
                    "display": "2004"
                }, 
                {
                    "path": "F162005.v4b_web.stable_lights.avg_vis_calibrated.tif", 
                    "$$hashKey": "object:14185", 
                    "name": "v4composites_calibrated_201709_2005", 
                    "display": "2005"
                }, 
                {
                    "path": "F162006.v4b_web.stable_lights.avg_vis_calibrated.tif", 
                    "$$hashKey": "object:14186", 
                    "name": "v4composites_calibrated_201709_2006", 
                    "display": "2006"
                }, 
                {
                    "path": "F162007.v4b_web.stable_lights.avg_vis_calibrated.tif", 
                    "$$hashKey": "object:14187", 
                    "name": "v4composites_calibrated_201709_2007", 
                    "display": "2007"
                }, 
                {
                    "path": "F162008.v4b_web.stable_lights.avg_vis_calibrated.tif", 
                    "$$hashKey": "object:14188", 
                    "name": "v4composites_calibrated_201709_2008", 
                    "display": "2008"
                }, 
                {
                    "path": "F162009.v4b_web.stable_lights.avg_vis_calibrated.tif", 
                    "$$hashKey": "object:14189", 
                    "name": "v4composites_calibrated_201709_2009", 
                    "display": "2009"
                }, 
                {
                    "path": "F182010.v4d_web.stable_lights.avg_vis_calibrated.tif", 
                    "$$hashKey": "object:14190", 
                    "name": "v4composites_calibrated_201709_2010", 
                    "display": "2010"
                }, 
                {
                    "path": "F182011.v4c_web.stable_lights.avg_vis_calibrated.tif", 
                    "$$hashKey": "object:14191", 
                    "name": "v4composites_calibrated_201709_2011", 
                    "display": "2011"
                }, 
                {
                    "path": "F182012.v4c_web.stable_lights.avg_vis_calibrated.tif", 
                    "$$hashKey": "object:14192", 
                    "name": "v4composites_calibrated_201709_2012", 
                    "display": "2012"
                }, 
                {
                    "path": "F182013.v4c_web.stable_lights.avg_vis_calibrated.tif", 
                    "$$hashKey": "object:14193", 
                    "name": "v4composites_calibrated_201709_2013", 
                    "display": "2013"
                }
            ], 
            "$$hashKey": "object:15487", 
            "name": "v4composites_calibrated_201709", 
            "custom_name": "DMSP-OLS Nighttime Lights", 
            "title": "DMSP-OLS Nighttime Lights", 
            "type": "raster", 
            "base": "/sciclone/aiddata10/REU/geo/data/rasters/dmsp_ntl/v4composites_calibrated_201709", 
            "temporal_type": "year", 
            "options": {
                "extract_types": [
                    "max", 
                    "mean", 
                    "min", 
                    "sum"
                ]
            }
        }, 
        {
            "files": [
                {
                    "path": "ucdp_deaths_1989.tif", 
                    "$$hashKey": "object:15924", 
                    "name": "ucdp_deaths_171_1989", 
                    "display": "1989"
                }, 
                {
                    "path": "ucdp_deaths_1990.tif", 
                    "$$hashKey": "object:15925", 
                    "name": "ucdp_deaths_171_1990", 
                    "display": "1990"
                }, 
                {
                    "path": "ucdp_deaths_1991.tif", 
                    "$$hashKey": "object:15926", 
                    "name": "ucdp_deaths_171_1991", 
                    "display": "1991"
                }, 
                {
                    "path": "ucdp_deaths_1992.tif", 
                    "$$hashKey": "object:15927", 
                    "name": "ucdp_deaths_171_1992", 
                    "display": "1992"
                }, 
                {
                    "path": "ucdp_deaths_1993.tif", 
                    "$$hashKey": "object:15928", 
                    "name": "ucdp_deaths_171_1993", 
                    "display": "1993"
                }, 
                {
                    "path": "ucdp_deaths_1994.tif", 
                    "$$hashKey": "object:15929", 
                    "name": "ucdp_deaths_171_1994", 
                    "display": "1994"
                }, 
                {
                    "path": "ucdp_deaths_1995.tif", 
                    "$$hashKey": "object:15930", 
                    "name": "ucdp_deaths_171_1995", 
                    "display": "1995"
                }, 
                {
                    "path": "ucdp_deaths_1996.tif", 
                    "$$hashKey": "object:15931", 
                    "name": "ucdp_deaths_171_1996", 
                    "display": "1996"
                }, 
                {
                    "path": "ucdp_deaths_1997.tif", 
                    "$$hashKey": "object:15932", 
                    "name": "ucdp_deaths_171_1997", 
                    "display": "1997"
                }, 
                {
                    "path": "ucdp_deaths_1998.tif", 
                    "$$hashKey": "object:15933", 
                    "name": "ucdp_deaths_171_1998", 
                    "display": "1998"
                }, 
                {
                    "path": "ucdp_deaths_1999.tif", 
                    "$$hashKey": "object:15934", 
                    "name": "ucdp_deaths_171_1999", 
                    "display": "1999"
                }, 
                {
                    "path": "ucdp_deaths_2000.tif", 
                    "$$hashKey": "object:15935", 
                    "name": "ucdp_deaths_171_2000", 
                    "display": "2000"
                }, 
                {
                    "path": "ucdp_deaths_2001.tif", 
                    "$$hashKey": "object:15936", 
                    "name": "ucdp_deaths_171_2001", 
                    "display": "2001"
                }, 
                {
                    "path": "ucdp_deaths_2002.tif", 
                    "$$hashKey": "object:15937", 
                    "name": "ucdp_deaths_171_2002", 
                    "display": "2002"
                }, 
                {
                    "path": "ucdp_deaths_2003.tif", 
                    "$$hashKey": "object:15938", 
                    "name": "ucdp_deaths_171_2003", 
                    "display": "2003"
                }, 
                {
                    "path": "ucdp_deaths_2004.tif", 
                    "$$hashKey": "object:15939", 
                    "name": "ucdp_deaths_171_2004", 
                    "display": "2004"
                }, 
                {
                    "path": "ucdp_deaths_2005.tif", 
                    "$$hashKey": "object:15940", 
                    "name": "ucdp_deaths_171_2005", 
                    "display": "2005"
                }, 
                {
                    "path": "ucdp_deaths_2006.tif", 
                    "$$hashKey": "object:15941", 
                    "name": "ucdp_deaths_171_2006", 
                    "display": "2006"
                }, 
                {
                    "path": "ucdp_deaths_2007.tif", 
                    "$$hashKey": "object:15942", 
                    "name": "ucdp_deaths_171_2007", 
                    "display": "2007"
                }, 
                {
                    "path": "ucdp_deaths_2008.tif", 
                    "$$hashKey": "object:15943", 
                    "name": "ucdp_deaths_171_2008", 
                    "display": "2008"
                }, 
                {
                    "path": "ucdp_deaths_2009.tif", 
                    "$$hashKey": "object:15944", 
                    "name": "ucdp_deaths_171_2009", 
                    "display": "2009"
                }, 
                {
                    "path": "ucdp_deaths_2010.tif", 
                    "$$hashKey": "object:15945", 
                    "name": "ucdp_deaths_171_2010", 
                    "display": "2010"
                }, 
                {
                    "path": "ucdp_deaths_2011.tif", 
                    "$$hashKey": "object:15946", 
                    "name": "ucdp_deaths_171_2011", 
                    "display": "2011"
                }, 
                {
                    "path": "ucdp_deaths_2012.tif", 
                    "$$hashKey": "object:15947", 
                    "name": "ucdp_deaths_171_2012", 
                    "display": "2012"
                }, 
                {
                    "path": "ucdp_deaths_2013.tif", 
                    "$$hashKey": "object:15948", 
                    "name": "ucdp_deaths_171_2013", 
                    "display": "2013"
                }, 
                {
                    "path": "ucdp_deaths_2014.tif", 
                    "$$hashKey": "object:15949", 
                    "name": "ucdp_deaths_171_2014", 
                    "display": "2014"
                }, 
                {
                    "path": "ucdp_deaths_2015.tif", 
                    "$$hashKey": "object:15950", 
                    "name": "ucdp_deaths_171_2015", 
                    "display": "2015"
                }, 
                {
                    "path": "ucdp_deaths_2016.tif", 
                    "$$hashKey": "object:15951", 
                    "name": "ucdp_deaths_171_2016", 
                    "display": "2016"
                }
            ], 
            "$$hashKey": "object:16318", 
            "name": "ucdp_deaths_171", 
            "custom_name": "UCDP Conflict Deaths", 
            "title": "UCDP Conflict Deaths", 
            "type": "raster", 
            "base": "/sciclone/aiddata10/REU/geo/data/rasters/ucdp/ged_global_171", 
            "temporal_type": "year", 
            "options": {
                "extract_types": [
                    "sum"
                ]
            }
        }, 
        {
            "files": [
                {
                    "path": "gpw-v4-population-density-adjusted-to-2015-unwpp-country-totals_2000.tif", 
                    "$$hashKey": "object:17401", 
                    "name": "gpw_v4_density_2000", 
                    "display": "2000"
                }, 
                {
                    "path": "gpw-v4-population-density-adjusted-to-2015-unwpp-country-totals_2005.tif", 
                    "$$hashKey": "object:17402", 
                    "name": "gpw_v4_density_2005", 
                    "display": "2005"
                }, 
                {
                    "path": "gpw-v4-population-density-adjusted-to-2015-unwpp-country-totals_2010.tif", 
                    "$$hashKey": "object:17403", 
                    "name": "gpw_v4_density_2010", 
                    "display": "2010"
                }, 
                {
                    "path": "gpw-v4-population-density-adjusted-to-2015-unwpp-country-totals_2015.tif", 
                    "$$hashKey": "object:17404", 
                    "name": "gpw_v4_density_2015", 
                    "display": "2015"
                }, 
                {
                    "path": "gpw-v4-population-density-adjusted-to-2015-unwpp-country-totals_2020.tif", 
                    "$$hashKey": "object:17405", 
                    "name": "gpw_v4_density_2020", 
                    "display": "2020"
                }
            ], 
            "$$hashKey": "object:17514", 
            "name": "gpw_v4_density", 
            "custom_name": "Population Density (GPW V4, UN Adjusted)", 
            "title": "Population Density (GPW V4, UN Adjusted)", 
            "type": "raster", 
            "base": "/sciclone/aiddata10/REU/geo/data/rasters/gpw/gpw_v4/density", 
            "temporal_type": "year", 
            "options": {
                "extract_types": [
                    "count", 
                    "mean", 
                    "max", 
                    "min"
                ]
            }
        }, 
        {
            "files": [
                {
                    "path": "SRTM_500m.tif", 
                    "$$hashKey": "object:18047", 
                    "name": "srtm_elevation_500m_none", 
                    "display": "none"
                }
            ], 
            "$$hashKey": "object:18163", 
            "name": "srtm_elevation_500m", 
            "custom_name": "Physical Elevation", 
            "title": "Physical Elevation", 
            "type": "raster", 
            "base": "/sciclone/aiddata10/REU/geo/data/rasters/srtm/srtm_elevation_500m", 
            "temporal_type": "None", 
            "options": {
                "extract_types": [
                    "mean", 
                    "max", 
                    "min"
                ]
            }
        }
    ], 
    "custom_name": "Request 07-08-18 19:47", 
    "release_data": [
        {
            "hash": "fa137b97af6f70839bffd55e8546defa39d31f36", 
            "$$hashKey": "object:12694", 
            "filters": {
                "ad_sector_names": [
                    "All"
                ]
            }, 
            "custom_name": "World Bank Geocoded Aid Data v1.4.2", 
            "dataset": "worldbank_geocodedresearchrelease_level1_v1_4_2"
        }
    ], 
    "priority": 0, 
    "info": [
        "<b><font size=4>CSV Column Names</font></b><br/>Each CSV will contain a column labeled \"asdf_id\" which has values for each feature that are unique (within that boundary dataset), one or more columns for your extract data, followed by the original source attributes for the boundary file (e.g., from GADM)<br/><br/>The standard format for extract data column names is a three part string delimited by periods (.)<br/>&nbsp;&nbsp;&nbsp;&nbsp;Example:  <b>&#60;dataset&#62;.&#60;filter&#62;.&#60;method&#62;</b>  =  gpw_v4_count<b>.</b>2010<b>.</b>sum<br/><br/>For more details, please read the documentation pdf accompanying your request results.<br/>"
    ], 
    "boundary": {
        "path": "/sciclone/aiddata10/REU/geo/data/boundaries/gadm2.8/COD_adm2/COD_adm2.geojson", 
        "description": "GADM Boundary File for ADM2 (Sub-region) in Democratic Republic of the Congo.", 
        "group": "cod_gadm28", 
        "name": "cod_adm2_gadm28", 
        "title": "Democratic Republic of the Congo ADM2 Boundary - GADM 2.8"
    }, 
    "_id": "5b424e3ac15e00a98d40d097", 
    "email": "ytolochko@gmail.com", 
    "stage": [
        {
            "name": "submitted", 
            "time": 1531072058
        }, 
        {
            "name": "prepared", 
            "time": 1531072087
        }, 
        {
            "name": "processed", 
            "time": 1531072087
        }, 
        {
            "name": "completed", 
            "time": 0
        }
    ]
}