"varname","shortdesc","shrtname","longname","version","shrtcite","longcite","url"
"countries_gwid","Unique GW ID of country","GW","Gleditsch and Ward Interstate System Membership","v5","Gleditsch and Ward (1999)","Gleditsch, K. S. and M. D. Ward (1999). Interstate System Membership: A Revised List of the Independent States since 1816. International Interactions 25 (4).","http://privatewww.essex.ac.uk/~ksg/statelist.html"
"countryname","Name of country","GW","Gleditsch and Ward Interstate System Membership","v5","Gleditsch and Ward (1999)","Gleditsch, K. S. and M. D. Ward (1999). Interstate System Membership: A Revised List of the Independent States since 1816. International Interactions 25 (4).","http://privatewww.essex.ac.uk/~ksg/statelist.html"
"year","Year of observation (Country-Level)","NA","Not Applicable","NA","NA","NA","NA"
"egip_groups_count","Count variable indicating the number of EGIP groups in this country","EPR","Ethnic Power-Relations Dataset","v2018","Vogt et al. (2015)","Vogt, M., N.-C. Bormann, S. Ruegger, L.-E. Cederman, P. Hunziker, and L. Girardin. (2015). Integrating Data on Ethnicity, Geography, and Conflict: The Ethnic Power Relations Dataset Family. Journal of Conflict Resolution 59 (7).","http://www.icr.ethz.ch/data"
"excl_groups_count","Count variable indicating the number of MEG groups in this country","EPR","Ethnic Power-Relations Dataset","v2018","Vogt et al. (2015)","Vogt, M., N.-C. Bormann, S. Ruegger, L.-E. Cederman, P. Hunziker, and L. Girardin. (2015). Integrating Data on Ethnicity, Geography, and Conflict: The Ethnic Power Relations Dataset Family. Journal of Conflict Resolution 59 (7).","http://www.icr.ethz.ch/data"
"regaut_groups_count","Count variable indicating number of groups with regional autonomy in this country.","EPR","Ethnic Power-Relations Dataset","v2018","Vogt et al. (2015)","Vogt, M., N.-C. Bormann, S. Ruegger, L.-E. Cederman, P. Hunziker, and L. Girardin. (2015). Integrating Data on Ethnicity, Geography, and Conflict: The Ethnic Power Relations Dataset Family. Journal of Conflict Resolution 59 (7).","http://www.icr.ethz.ch/data"
"regaut_excl_groups_count","Count variable indicating number of MEG groups with regional autonomy in this country.","EPR","Ethnic Power-Relations Dataset","v2018","Vogt et al. (2015)","Vogt, M., N.-C. Bormann, S. Ruegger, L.-E. Cederman, P. Hunziker, and L. Girardin. (2015). Integrating Data on Ethnicity, Geography, and Conflict: The Ethnic Power Relations Dataset Family. Journal of Conflict Resolution 59 (7).","http://www.icr.ethz.ch/data"
"regaut_egip_groups_count","Count variable indicating number of EGIP groups with regional autonomy in this country.","EPR","Ethnic Power-Relations Dataset","v2018","Vogt et al. (2015)","Vogt, M., N.-C. Bormann, S. Ruegger, L.-E. Cederman, P. Hunziker, and L. Girardin. (2015). Integrating Data on Ethnicity, Geography, and Conflict: The Ethnic Power Relations Dataset Family. Journal of Conflict Resolution 59 (7).","http://www.icr.ethz.ch/data"
"rlvt_groups_count","Count variable indicating the number of relevant groups in this country","EPR","Ethnic Power-Relations Dataset","v2018","Vogt et al. (2015)","Vogt, M., N.-C. Bormann, S. Ruegger, L.-E. Cederman, P. Hunziker, and L. Girardin. (2015). Integrating Data on Ethnicity, Geography, and Conflict: The Ethnic Power Relations Dataset Family. Journal of Conflict Resolution 59 (7).","http://www.icr.ethz.ch/data"
"actv_groups_count","Count variable indicating the number of active groups in this country","EPR","Ethnic Power-Relations Dataset","v2018","Vogt et al. (2015)","Vogt, M., N.-C. Bormann, S. Ruegger, L.-E. Cederman, P. Hunziker, and L. Girardin. (2015). Integrating Data on Ethnicity, Geography, and Conflict: The Ethnic Power Relations Dataset Family. Journal of Conflict Resolution 59 (7).","http://www.icr.ethz.ch/data"
"lpop","Sum of the ethnically relevant population in this country (as a fraction of total population)","EPR","Ethnic Power-Relations Dataset","v2018","Vogt et al. (2015)","Vogt, M., N.-C. Bormann, S. Ruegger, L.-E. Cederman, P. Hunziker, and L. Girardin. (2015). Integrating Data on Ethnicity, Geography, and Conflict: The Ethnic Power Relations Dataset Family. Journal of Conflict Resolution 59 (7).","http://www.icr.ethz.ch/data"
"egippop","Sum of the population of all EGIP groups in this country (as a fraction of total population)","EPR","Ethnic Power-Relations Dataset","v2018","Vogt et al. (2015)","Vogt, M., N.-C. Bormann, S. Ruegger, L.-E. Cederman, P. Hunziker, and L. Girardin. (2015). Integrating Data on Ethnicity, Geography, and Conflict: The Ethnic Power Relations Dataset Family. Journal of Conflict Resolution 59 (7).","http://www.icr.ethz.ch/data"
"legippop","EGIP population as a fraction of ethnically relevant population in this country (egippop / lpop)","EPR","Ethnic Power-Relations Dataset","v2018","Vogt et al. (2015)","Vogt, M., N.-C. Bormann, S. Ruegger, L.-E. Cederman, P. Hunziker, and L. Girardin. (2015). Integrating Data on Ethnicity, Geography, and Conflict: The Ethnic Power Relations Dataset Family. Journal of Conflict Resolution 59 (7).","http://www.icr.ethz.ch/data"
"exclpop","Sum of the population of all MEG groups in this country (as a fraction of total population)","EPR","Ethnic Power-Relations Dataset","v2018","Vogt et al. (2015)","Vogt, M., N.-C. Bormann, S. Ruegger, L.-E. Cederman, P. Hunziker, and L. Girardin. (2015). Integrating Data on Ethnicity, Geography, and Conflict: The Ethnic Power Relations Dataset Family. Journal of Conflict Resolution 59 (7).","http://www.icr.ethz.ch/data"
"lexclpop","MEG population as a fraction of ethnically relevant population in this country (exclpo / lpop)","EPR","Ethnic Power-Relations Dataset","v2018","Vogt et al. (2015)","Vogt, M., N.-C. Bormann, S. Ruegger, L.-E. Cederman, P. Hunziker, and L. Girardin. (2015). Integrating Data on Ethnicity, Geography, and Conflict: The Ethnic Power Relations Dataset Family. Journal of Conflict Resolution 59 (7).","http://www.icr.ethz.ch/data"
"discrimpop","Sum of discriminated population in this country (as a fraction of total population).","EPR","Ethnic Power-Relations Dataset","v2018","Vogt et al. (2015)","Vogt, M., N.-C. Bormann, S. Ruegger, L.-E. Cederman, P. Hunziker, and L. Girardin. (2015). Integrating Data on Ethnicity, Geography, and Conflict: The Ethnic Power Relations Dataset Family. Journal of Conflict Resolution 59 (7).","http://www.icr.ethz.ch/data"
"ldiscrimpop","Sum of discriminated population as a fraction of ethnically relevant population in this country (discrimpop / lpop)","EPR","Ethnic Power-Relations Dataset","v2018","Vogt et al. (2015)","Vogt, M., N.-C. Bormann, S. Ruegger, L.-E. Cederman, P. Hunziker, and L. Girardin. (2015). Integrating Data on Ethnicity, Geography, and Conflict: The Ethnic Power Relations Dataset Family. Journal of Conflict Resolution 59 (7).","http://www.icr.ethz.ch/data"
"maxexclpop","Size of the largest MEG group in this country (as a fraction of total population)","EPR","Ethnic Power-Relations Dataset","v2018","Vogt et al. (2015)","Vogt, M., N.-C. Bormann, S. Ruegger, L.-E. Cederman, P. Hunziker, and L. Girardin. (2015). Integrating Data on Ethnicity, Geography, and Conflict: The Ethnic Power Relations Dataset Family. Journal of Conflict Resolution 59 (7).","http://www.icr.ethz.ch/data"
"lmaxexclpop","Size of the largest MEG group in this country as a fraction of ethnically relevant population (maxexclpop / lpop)","EPR","Ethnic Power-Relations Dataset","v2018","Vogt et al. (2015)","Vogt, M., N.-C. Bormann, S. Ruegger, L.-E. Cederman, P. Hunziker, and L. Girardin. (2015). Integrating Data on Ethnicity, Geography, and Conflict: The Ethnic Power Relations Dataset Family. Journal of Conflict Resolution 59 (7).","http://www.icr.ethz.ch/data"
"regautpop","Sum of population with regional autonomy in this country (as a fraction of total population).","EPR","Ethnic Power-Relations Dataset","v2018","Vogt et al. (2015)","Vogt, M., N.-C. Bormann, S. Ruegger, L.-E. Cederman, P. Hunziker, and L. Girardin. (2015). Integrating Data on Ethnicity, Geography, and Conflict: The Ethnic Power Relations Dataset Family. Journal of Conflict Resolution 59 (7).","http://www.icr.ethz.ch/data"
"regautexclpop","Sum of population with regional autonomy and excluded (MEG) in this country (as a fraction of total population)","EPR","Ethnic Power-Relations Dataset","v2018","Vogt et al. (2015)","Vogt, M., N.-C. Bormann, S. Ruegger, L.-E. Cederman, P. Hunziker, and L. Girardin. (2015). Integrating Data on Ethnicity, Geography, and Conflict: The Ethnic Power Relations Dataset Family. Journal of Conflict Resolution 59 (7).","http://www.icr.ethz.ch/data"
"regautegippop","Sum of population with regional autonomy and included (EGIP) in this country (as a fraction of total population)","EPR","Ethnic Power-Relations Dataset","v2018","Vogt et al. (2015)","Vogt, M., N.-C. Bormann, S. Ruegger, L.-E. Cederman, P. Hunziker, and L. Girardin. (2015). Integrating Data on Ethnicity, Geography, and Conflict: The Ethnic Power Relations Dataset Family. Journal of Conflict Resolution 59 (7).","http://www.icr.ethz.ch/data"
"cntr_relevance","“R” indicates countries where ethnicity is coded as being relevant at least once in the sample period; “P” indicates countries where only a placeholder group is coded","EPR","Ethnic Power-Relations Dataset","v2018","Vogt et al. (2015)","Vogt, M., N.-C. Bormann, S. Ruegger, L.-E. Cederman, P. Hunziker, and L. Girardin. (2015). Integrating Data on Ethnicity, Geography, and Conflict: The Ethnic Power Relations Dataset Family. Journal of Conflict Resolution 59 (7).","http://www.icr.ethz.ch/data"
"nstar","N*(0.5; 5);  see Cederman L.-E. and L. Girardin (2007). Beyond fractionalization: Mapping ethnicity onto nationalist insurgencies. The American Political Science Review 101(1): pp. 173-185.","EPR","Ethnic Power-Relations Dataset","v2018","Vogt et al. (2015)","Vogt, M., N.-C. Bormann, S. Ruegger, L.-E. Cederman, P. Hunziker, and L. Girardin. (2015). Integrating Data on Ethnicity, Geography, and Conflict: The Ethnic Power Relations Dataset Family. Journal of Conflict Resolution 59 (7).","http://www.icr.ethz.ch/data"
