,gpw_v4_count.2000.mean,gpw_v4_count.2005.mean,gpw_v4_count.2010.mean,gpw_v4_density.2000.mean,gpw_v4_density.2005.mean,gpw_v4_density.2010.mean,v4composites_calibrated_201709.1998.mean,v4composites_calibrated_201709.1999.mean,v4composites_calibrated_201709.2000.mean,v4composites_calibrated_201709.2001.mean,v4composites_calibrated_201709.2002.mean,v4composites_calibrated_201709.2003.mean,v4composites_calibrated_201709.2004.mean,v4composites_calibrated_201709.2005.mean,v4composites_calibrated_201709.2006.mean,v4composites_calibrated_201709.2007.mean,v4composites_calibrated_201709.2008.mean,v4composites_calibrated_201709.2009.mean,v4composites_calibrated_201709.2010.mean,accessibility_map.na.mean,gdp_grid.na.mean,diamond_distance_201708.na.sum,onshore_petroleum_v12.na.sum,GID_0,NAME_0,GID_1,NAME_1,VARNAME_1,NL_NAME_1,TYPE_1,ENGTYPE_1,CC_1,HASC_1,gpw_v4_count.2001.mean,gpw_v4_count.2002.mean,gpw_v4_count.2003.mean,gpw_v4_count.2004.mean,gpw_v4_density.2001.mean,gpw_v4_density.2002.mean,gpw_v4_density.2003.mean,gpw_v4_density.2004.mean,gpw_v4_count.1998.mean,gpw_v4_density.1998.mean,gpw_v4_count.2011.mean,gpw_v4_count.2012.mean,gpw_v4_count.2013.mean,gpw_v4_count.2014.mean,gpw_v4_density.2011.mean,gpw_v4_density.2012.mean,gpw_v4_density.2013.mean,gpw_v4_density.2014.mean,gpw_v4_count.2006.mean,gpw_v4_count.2007.mean,gpw_v4_count.2008.mean,gpw_v4_count.2009.mean,gpw_v4_density.2006.mean,gpw_v4_density.2007.mean,gpw_v4_density.2008.mean,gpw_v4_density.2009.mean
0,244.082634255,277.198256003,317.666940939,284.10179638,322.646063479,369.748772417,0.09928061946030001,0.0,0.07434018136810001,0.05646782351980001,0.0,0.0,0.0,0.046365243513599996,0.530425948364,0.0815533072938,0.062460495201000006,0.020675479198599998,0.0895413997626,212.81002835400002,0.18992684925,317161083.581,,BDI,Burundi,BDI.1_1,Bubanza,,,Province,Province,003BDI001,BI.BB,250.7057586046,257.32888295419997,263.9520073038,270.5751316534,284.10179638,284.10179638,284.10179638,284.10179638,244.082634255,284.10179638,317.666940939,317.666940939,317.666940939,317.666940939,369.748772417,369.748772417,369.748772417,369.748772417,285.2919929902,293.3857299774,301.4794669646,309.5732039518,332.0666052666,341.4871470542,350.9076888418,360.3282306294
1,2128.37137484,2833.52862718,3794.80469753,2593.10602442,3452.39131349,4623.80387249,14.632858065299999,15.092309755899999,14.6253488093,12.788531708299999,12.121535460899999,13.7239730076,13.186584971099998,13.624252979100001,15.797660688699999,15.0921618746,14.179210769400001,15.951550606700001,13.6706087426,16.3421636897,4.15002779587,61199364.4488,0.0,BDI,Burundi,BDI.2_1,Bujumbura Mairie,,,Province,Province,003BDI017,BI.BM,2269.402825308,2410.434275776,2551.465726244,2692.497176712,2593.10602442,2593.10602442,2593.10602442,2593.10602442,2128.37137484,2593.10602442,3794.80469753,3794.80469753,3794.80469753,3794.80469753,4623.80387249,4623.80387249,4623.80387249,4623.80387249,3025.78384125,3218.03905532,3410.29426939,3602.54948346,3686.67382529,3920.95633709,4155.23884889,4389.52136069
2,338.065649122,404.808148142,487.81611643599996,405.294256884,485.891150099,586.301318834,0.39051094830300004,0.254464710355,0.524083873018,0.413458006383,0.638563545442,0.36718537651199995,0.357056782225,0.24947801585700002,0.573942947262,0.499284621368,0.526085499872,0.514253555835,0.7183764899959999,99.8422320666,0.20009675127700002,462984456.16,,BDI,Burundi,BDI.3_1,Bujumbura Rural,Usumbura,,Province,Province,003BDI002,BI.BU,351.414148926,364.76264873,378.111148534,391.459648338,405.294256884,405.294256884,405.294256884,405.294256884,338.065649122,405.294256884,487.81611643599996,487.81611643599996,487.81611643599996,487.81611643599996,586.301318834,586.301318834,586.301318834,586.301318834,421.40974180079996,438.0113354596,454.61292911839996,471.21452277719993,505.973183846,526.055217593,546.13725134,566.219285087
3,161.940228618,195.69602871700002,239.49258821400002,192.682330988,233.568501858,286.800498817,0.016214096902900002,0.018412829310400003,0.0327031933257,0.0327033065356,0.020885718136,0.0307793825589,0.0318785605702,0.0145654465972,0.025832924911199998,0.026932027876,0.0263822948905,0.016488863663099998,0.054138332200800006,185.727777918,0.027542043431599997,871219800.837,,BDI,Burundi,BDI.4_1,Bururi,,,Province,Province,003BDI003,BI.BR,168.6913886378,175.4425486576,182.19370867740002,188.9448686972,192.682330988,192.682330988,192.682330988,192.682330988,161.940228618,192.682330988,239.49258821400002,239.49258821400002,239.49258821400002,239.49258821400002,286.800498817,286.800498817,286.800498817,286.800498817,204.4553406164,213.21465251580003,221.97396441520002,230.7332763146,244.2149012498,254.8613006416,265.5077000334,276.1540994252
4,82.1946451294,100.054357612,122.863138085,95.6615158511,116.447277753,142.992947763,0.0,0.0,0.0,0.0,0.0,0.0,0.0,0.0,0.0,0.0,0.0171975087131,0.0,0.0646401402938,180.581723488,0.015321552640599999,368511915.929,,BDI,Burundi,BDI.5_1,Cankuzo,,,Province,Province,003BDI004,BI.CA,85.76658762592,89.33853012244,92.91047261896,96.48241511548001,95.6615158511,95.6615158511,95.6615158511,95.6615158511,82.1946451294,95.6615158511,122.863138085,122.863138085,122.863138085,122.863138085,142.992947763,142.992947763,142.992947763,142.992947763,104.6161137066,109.1778698012,113.7396258958,118.3013819904,121.75641175499999,127.065545757,132.374679759,137.68381376099998
5,217.681898292,250.15262713299998,290.02129615900003,253.434702337,291.248281116,337.678812141,0.015936881929,0.0129949089878,0.0,0.0315695336428,0.0,0.0,0.0,0.0401693077167,0.16460786644,0.0,0.0,0.0,0.09504939404160001,247.575907547,0.0799708594544,502643668.54300004,0.0,BDI,Burundi,BDI.6_1,Cibitoke,,,Province,Province,003BDI005,BI.CI,224.17604406019998,230.6701898284,237.16433559659998,243.6584813648,253.434702337,253.434702337,253.434702337,253.434702337,217.681898292,253.434702337,290.02129615900003,290.02129615900003,290.02129615900003,290.02129615900003,337.678812141,337.678812141,337.678812141,337.678812141,258.1263609382,266.1000947434,274.07382854860003,282.0475623538,300.534387321,309.820493526,319.10659973099996,328.39270593599997
6,290.906567252,328.179700305,373.420342636,338.665493769,382.05740639199996,434.72474633900003,0.20440112221099999,0.223714621304,0.19829312063700003,0.186525516049,0.205007924606,0.171065032849,0.164612352062,0.11523040719000001,0.201541232736,0.210327511291,0.17306513578,0.20509797030699997,0.26072827514400004,86.4145626108,0.101915069539,475179113.635,,BDI,Burundi,BDI.7_1,Gitega,Kitega,,Province,Province,003BDI006,BI.GI,298.3611938626,305.8158204732,313.2704470838,320.7250736944,338.665493769,338.665493769,338.665493769,338.665493769,290.906567252,338.665493769,373.420342636,373.420342636,373.420342636,373.420342636,434.72474633900003,434.72474633900003,434.72474633900003,434.72474633900003,337.2278287712,346.2759572374,355.32408570359996,364.3722141698,392.5908743814,403.1243423708,413.6578103602,424.1912783496
7,240.10027063599998,268.230654943,303.495637188,279.419707077,312.158175121,353.200041988,0.0,0.0,0.0,0.0,0.0,0.0,0.0,0.0,0.0,0.0,0.0,0.0,0.039560429559100004,122.745325036,0.040427534844199996,335234566.527,,BDI,Burundi,BDI.8_1,Karuzi,Karusi,,Province,Province,003BDI007,BI.KR,245.72634749739998,251.3524243588,256.9785012202,262.6045780816,279.419707077,279.419707077,279.419707077,279.419707077,240.10027063599998,279.419707077,303.495637188,303.495637188,303.495637188,303.495637188,353.200041988,353.200041988,353.200041988,353.200041988,275.28365139199997,282.336647841,289.38964429,296.442640739,320.3665484944,328.5749218678,336.7832952412,344.99166861460003
8,346.572448796,411.723944071,499.354845501,403.466305219,479.30797446400004,581.315929334,0.046354437080600004,0.0260769550826,0.040812469269099996,0.059214093282900004,0.036516282060500005,0.0,0.0214802481709,0.0,0.0,0.0293565399119,0.0300722388997,0.0386642454462,0.078760792467,168.481094197,0.0638372536726,331215798.84400004,,BDI,Burundi,BDI.9_1,Kayanza,,,Province,Province,003BDI008,BI.KY,359.602747851,372.633046906,385.663345961,398.693645016,403.466305219,403.466305219,403.466305219,403.466305219,346.572448796,403.466305219,499.354845501,499.354845501,499.354845501,499.354845501,581.315929334,581.315929334,581.315929334,581.315929334,429.250124357,446.776304643,464.302484929,481.828665215,499.709565438,520.111156412,540.512747386,560.91433836
9,262.329138776,309.005626566,367.815993239,320.814051648,378.60088209400004,451.474612325,0.0,0.0,0.0,0.0,0.0,0.0,0.011892307874900001,0.0,0.0,0.0,0.0,0.0,0.0517867121479,223.58691490599998,0.0425876176525,446397440.29300004,,BDI,Burundi,BDI.10_1,Kirundo,,,Province,Province,003BDI009,BI.KI,271.66443633399996,280.999733892,290.33503145,299.670329008,320.814051648,320.814051648,320.814051648,320.814051648,262.329138776,320.814051648,367.815993239,367.815993239,367.815993239,367.815993239,451.474612325,451.474612325,451.474612325,451.474612325,320.7676999006,332.5297732352,344.2918465698,356.0539199044,393.17562814020005,407.75037418640005,422.32512023260006,436.8998662788
10,165.04553974700002,190.664211435,223.546857109,194.8445636,225.48941117099997,264.87390246900003,0.0,0.0,0.00190495819311,0.0,0.0,0.0,0.0,0.0,0.0,0.00828149736088,0.00993771327134,0.0271632054881,0.07213425935750001,228.467030265,0.0222461308848,688781073.848,,BDI,Burundi,BDI.11_1,Makamba,,,Province,Province,003BDI010,BI.MA,170.1692740846,175.29300842220002,180.4167427598,185.54047709740001,194.8445636,194.8445636,194.8445636,194.8445636,165.04553974700002,194.8445636,223.546857109,223.546857109,223.546857109,223.546857109,264.87390246900003,264.87390246900003,264.87390246900003,264.87390246900003,197.2407405698,203.8172697046,210.3937988394,216.9703279742,233.36630943059998,241.2432076902,249.1201059498,256.9970042094
11,333.695415623,377.556931459,430.26604394199995,388.400239226,439.45255521900003,500.80298384300005,0.0,0.0,0.0,0.0,0.0,0.0,0.0,0.0,0.0,0.0,0.0,0.0,0.0,156.543697376,0.043525334528900006,184244085.21400002,,BDI,Burundi,BDI.12_1,Muramvya,Muramviya,,Province,Province,003BDI011,BI.MV,342.46771879019997,351.24002195739996,360.0123251246,368.7846282918,388.400239226,388.400239226,388.400239226,388.400239226,333.695415623,388.400239226,430.26604394199995,430.26604394199995,430.26604394199995,430.26604394199995,500.80298384300005,500.80298384300005,500.80298384300005,500.80298384300005,388.0987539556,398.6405764522,409.18239894879997,419.72422144539996,451.72264094380006,463.9927266686,476.26281239340005,488.5328981182
12,239.67977053099997,287.11695469,357.213783537,279.43231481099997,334.950600997,417.042365121,0.0183885748891,0.0,0.024516050690599995,0.030176322994200002,0.0297045604404,0.018860109191299997,0.014056177805800001,0.0,0.0,0.021217630966400003,0.0282901177658,0.0490362857225,0.0796837695324,156.094024227,0.0425436550575,409583971.265,,BDI,Burundi,BDI.13_1,Muyinga,Muhinga,,Province,Province,003BDI012,BI.MY,249.16720736279999,258.6546441946,268.1420810264,277.6295178582,279.43231481099997,279.43231481099997,279.43231481099997,279.43231481099997,239.67977053099997,279.43231481099997,357.213783537,357.213783537,357.213783537,357.213783537,417.042365121,417.042365121,417.042365121,417.042365121,301.1363204594,315.1556862288,329.1750519982,343.1944177676,351.3689538218,367.7873066466,384.2056594714,400.6240122962
13,248.558492418,285.633756897,330.360064572,289.36844273,332.531444328,384.601846346,0.0185611922823,0.018981669002,0.012305769028700002,0.00696303438294,0.00902419342165,0.008511493800520001,0.0,0.0,0.0,0.000717840014336,0.0,0.0,0.0145208105081,135.096841013,0.041611775183500004,220382554.374,,BDI,Burundi,BDI.14_1,Mwaro,,,Province,Province,003BDI013,BI.MW,255.9735453138,263.3885982096,270.8036511054,278.2187040012,289.36844273,289.36844273,289.36844273,289.36844273,248.558492418,289.36844273,330.360064572,330.360064572,330.360064572,330.360064572,384.601846346,384.601846346,384.601846346,384.601846346,294.579018432,303.524279967,312.469541502,321.414803037,342.9455247316,353.3596051352,363.7736855388,374.1877659424
14,372.86776525199997,408.080931285,459.72841674,433.836953438,474.80955741300005,534.904084755,0.102286152467,0.101083333784,0.131769140658,0.101083165298,0.10770073852,0.0986760948086,0.138387010108,0.08604170952080001,0.110108867741,0.101083111757,0.13959036447,0.135378511787,0.18832621098400001,117.149643038,0.0929560854568,366798567.309,,BDI,Burundi,BDI.15_1,Ngozi,,,Province,Province,003BDI014,BI.NG,379.91039845859996,386.9530316652,393.9956648718,401.03829807840003,433.836953438,433.836953438,433.836953438,433.836953438,372.86776525199997,433.836953438,459.72841674,459.72841674,459.72841674,459.72841674,534.904084755,534.904084755,534.904084755,534.904084755,418.410428376,428.73992546700003,439.069422558,449.398919649,486.8284628814,498.84736834980004,510.8662738182,522.8851792866
15,119.581379416,147.257800608,184.778257291,139.27458652299998,171.50979565,215.210539865,0.0297373600574,0.038887461513300005,0.0530010985682,0.0370574765991,0.016469816090599998,0.0155548939475,0.0164698348287,0.0,0.0,0.0182998710768,0.0,0.0,0.08114579611610001,166.533965355,0.0200954340053,431591815.585,0.0,BDI,Burundi,BDI.16_1,Rutana,,,Province,Province,003BDI015,BI.RT,125.1166636544,130.6519478928,136.1872321312,141.7225163696,139.27458652299998,139.27458652299998,139.27458652299998,139.27458652299998,119.581379416,139.27458652299998,184.778257291,184.778257291,184.778257291,184.778257291,215.210539865,215.210539865,215.210539865,215.210539865,154.7618919446,162.2659832812,169.7700746178,177.2741659544,180.249944493,188.990093336,197.730242179,206.470391022
16,121.64688282799999,147.279407503,181.225394464,141.631798817,171.47808258700002,211.00481417700001,0.0,0.0,0.0,0.0,0.0,0.0,0.0143101959322,0.0,0.0,0.011297559785799998,0.0323863646022,0.0369035689516,0.080212380628,171.130848868,0.0209500433918,482298511.805,,BDI,Burundi,BDI.17_1,Ruyigi,,,Province,Province,003BDI016,BI.RY,126.77338776299999,131.89989269799997,137.026397633,142.152902568,141.631798817,141.631798817,141.631798817,141.631798817,121.64688282799999,141.631798817,181.225394464,181.225394464,181.225394464,181.225394464,211.00481417700001,211.00481417700001,211.00481417700001,211.00481417700001,154.0686048952,160.8578022874,167.64699967960001,174.4361970718,179.38342890500002,187.28877522300002,195.19412154100002,203.09946785900001
17,4.13057793222,4.7691538717699995,5.47903612087,4.83110336883,5.57782344344,6.4079365394500005,0.0,0.0,0.0,0.0,0.0,0.0,0.000734641543403,0.0,0.00014896064802399998,0.000819932858046,0.0,0.00037853755335300006,0.0008092499644480001,757.5838877939999,0.0009726389324369999,18119942939.9,,COD,Democratic Republic of the Congo,COD.1_1,Bas-Uélé,,,Province,Province,,CD.BU,4.258293120129999,4.386008308039999,4.51372349595,4.64143868386,4.83110336883,4.83110336883,4.83110336883,4.83110336883,4.13057793222,4.83110336883,5.47903612087,5.47903612087,5.47903612087,5.47903612087,6.4079365394500005,6.4079365394500005,6.4079365394500005,6.4079365394500005,4.91113032159,5.0531067714099995,5.19508322123,5.33705967105,5.743846062642,5.909868681844,6.075891301046,6.241913920248001
18,10.0726859443,11.486980924800001,13.0345298007,12.002585418399999,13.6881544924,15.5328924095,0.0027659003471599995,0.00133901454804,0.00113816243255,0.00107958046717,0.0023268660917399996,0.00291235697835,0.0034055840374099997,0.0029388336238899996,0.0026548129147399998,0.00250561653233,0.00444822594661,0.0045146252269200006,0.00467645475325,622.5203764519999,0.00194919739908,28046090976.9,0.0,COD,Democratic Republic of the Congo,COD.2_1,Équateur,,,Province,Province,,CD.ET,10.3555449404,10.6384039365,10.921262932600001,11.204121928700001,12.002585418399999,12.002585418399999,12.002585418399999,12.002585418399999,10.0726859443,12.002585418399999,13.0345298007,13.0345298007,13.0345298007,13.0345298007,15.5328924095,15.5328924095,15.5328924095,15.5328924095,11.796490699980001,12.10600047516,12.41551025034,12.72502002552,14.057102075820001,14.42604965924,14.794997242660001,15.16394482608
19,13.6094445823,19.897578996900002,28.9622747921,16.166837050799998,23.6328967884,34.3956862336,0.0914844672314,0.09639469708519999,0.100372203348,0.10656782722699999,0.104628191492,0.10268506064300001,0.09165685930230001,0.09458260136260001,0.10024315529200001,0.104650483049,0.128833050289,0.133991927548,0.128467010001,530.075591078,0.0146940290444,23776050534.1,,COD,Democratic Republic of the Congo,COD.3_1,Haut-Katanga,,,Province,Province,,CD.HK,14.86707146522,16.12469834814,17.38232523106,18.63995211398,16.166837050799998,16.166837050799998,16.166837050799998,16.166837050799998,13.6094445823,16.166837050799998,28.9622747921,28.9622747921,28.9622747921,28.9622747921,34.3956862336,34.3956862336,34.3956862336,34.3956862336,21.71051815594,23.52345731498,25.33639647402,27.14933563306,25.78545467744,27.93801256648,30.09057045552,32.243128344560006
20,11.4391785704,16.7501294924,24.4065277348,13.547193621500002,19.836977869000002,28.9045123753,0.00404333248678,0.0054891852471699995,0.00552149671788,0.005423062997880001,0.005010260382140001,0.005722466568270001,0.00872090497984,0.004477183651500001,0.00551225744495,0.006879921391340001,0.0057375737078,0.0111605445685,0.00833817131519,343.248932538,0.0024278090213099997,15920211127.1,0.0,COD,Democratic Republic of the Congo,COD.4_1,Haut-Lomami,,,Province,Province,,CD.HL,12.5013687548,13.5635589392,14.625749123599999,15.687939307999999,13.547193621500002,13.547193621500002,13.547193621500002,13.547193621500002,11.4391785704,13.547193621500002,24.4065277348,24.4065277348,24.4065277348,24.4065277348,28.9045123753,28.9045123753,28.9045123753,28.9045123753,18.28140914088,19.81268878936,21.34396843784,22.87524808632,21.65048477026,23.463991671520002,25.27749857278,27.091005474040003
21,9.414434478119999,10.8734774377,12.4955951727,10.9598565086,12.6584095952,14.546807104800001,0.0,0.0011496741284,0.0,0.000298981161934,0.0,0.0,0.0012712667705999999,0.000906841746313,0.00291656616463,0.0008694479044700001,0.0007853078122239999,0.00128963063093,0.00200034565311,376.043098746,0.00292686360105,33020620591.8,0.0,COD,Democratic Republic of the Congo,COD.5_1,Haut-Uélé,,,Province,Province,,CD.HU,9.706243070035999,9.998051661952,10.289860253868,10.581668845784,10.9598565086,10.9598565086,10.9598565086,10.9598565086,9.414434478119999,10.9598565086,12.4955951727,12.4955951727,12.4955951727,12.4955951727,14.546807104800001,14.546807104800001,14.546807104800001,14.546807104800001,11.1979009847,11.5223245317,11.8467480787,12.1711716257,13.03608909712,13.41376859904,13.79144810096,14.169127602880002
22,40.170246212399995,46.3966330183,53.3203939097,46.9412263241,54.2170785954,62.3078355949,0.005187668802069999,0.0035985151297500003,0.0050038475852299995,0.0057239860907200004,0.00324403071335,0.006080912048279999,0.0143283905804,0.010126084099799999,0.013264456215700002,0.014063828006799999,0.0123188394432,0.012475736227400001,0.0175124601063,433.173113375,0.00871071401435,29739823512.9,,COD,Democratic Republic of the Congo,COD.6_1,Ituri,,,Province,Province,,CD.IT,41.415523573579996,42.66080093476,43.90607829594,45.15135565712,46.9412263241,46.9412263241,46.9412263241,46.9412263241,40.170246212399995,46.9412263241,53.3203939097,53.3203939097,53.3203939097,53.3203939097,62.3078355949,62.3078355949,62.3078355949,62.3078355949,47.781385196580004,49.16613737486,50.55088955314,51.93564173142,55.8352299953,57.4533813952,59.0715327951,60.689684195
23,16.3641661973,21.271185824,27.5100712527,19.209479210799998,24.9687964673,32.2912446753,0.0029478710647600007,0.0013968821914100002,0.00144078336304,0.0013441465870599998,0.0018913201870099999,0.00271777323787,0.00401967409402,0.005628945007069999,0.0042473096675700005,0.00503823271658,0.0058406447320400005,0.0040571323149199996,0.006449604722100001,406.91004845,0.00363461074779,6469693361.44,,COD,Democratic Republic of the Congo,COD.9_1,Kasaï,,,Province,Province,,CD.KS,17.34557012264,18.326974047980002,19.30837797332,20.28978189866,19.209479210799998,19.209479210799998,19.209479210799998,19.209479210799998,16.3641661973,19.209479210799998,27.5100712527,27.5100712527,27.5100712527,27.5100712527,32.2912446753,32.2912446753,32.2912446753,32.2912446753,22.51896290974,23.766739995480002,25.01451708122,26.26229416696,26.4332861089,27.8977757505,29.3622653921,30.8267550337
24,31.659032844299997,41.1519371496,53.2237121887,37.0698398012,48.1851596038,62.320086623,0.00571197451673,0.00365925370175,0.00196349976619,0.00218661856911,0.00629197652674,0.0078985318914,0.0101892408564,0.00873172576217,0.00764575915687,0.0067830130905600005,0.011944391607899998,0.0112899080491,0.0103082461974,313.865959852,0.007314115500729999,3244939841.6,,COD,Democratic Republic of the Congo,COD.7_1,Kasaï-Central,,,Province,Province,,CD.LL,33.55761370536,35.456194566419995,37.35477542748,39.253356288540004,37.0698398012,37.0698398012,37.0698398012,37.0698398012,31.659032844299997,37.0698398012,53.2237121887,53.2237121887,53.2237121887,53.2237121887,62.320086623,62.320086623,62.320086623,62.320086623,43.56629215742,45.98064716524,48.39500217306,50.80935718088,51.01214500764,53.83913041148,56.66611581532,59.49310121916
25,206.391737826,243.050552373,284.785329148,241.305793363,284.165992836,332.96084495900004,0.161966416373,0.131815888148,0.138210318868,0.131731701505,0.15257334742,0.197582218489,0.20157717594799998,0.266037200538,0.196273098107,0.09875896997549999,0.08571767754489999,0.129240495074,0.126416384136,151.491346728,0.052184129318900006,244494869.55,,COD,Democratic Republic of the Congo,COD.8_1,Kasaï-Oriental,,,Province,Province,,CD.KO,213.7235007354,221.0552636448,228.3870265542,235.7187894636,241.305793363,241.305793363,241.305793363,241.305793363,206.391737826,241.305793363,284.785329148,284.785329148,284.785329148,284.785329148,332.96084495900004,332.96084495900004,332.96084495900004,332.96084495900004,251.397507728,259.744463083,268.091418438,276.438373793,293.9249632606,303.68393368520003,313.4429041098,323.2018745344
26,417.68984700199996,441.786357988,464.908963588,502.646754472,531.9708291019999,560.081819813,2.1421038012,1.9945393769599997,2.1528844701299996,2.29937312265,2.17691901319,2.27498939202,2.37943628372,2.1612734388,2.0270496476099997,1.7672651831900001,1.9359940494799999,2.08600790727,1.52786145901,331.808992635,0.444353201264,1364281833.85,,COD,Democratic Republic of the Congo,COD.10_1,Kinshasa,,,Province,Province,,CD.KN,422.50914919919995,427.3284513964,432.1477535936,436.96705579080003,502.646754472,502.646754472,502.646754472,502.646754472,417.68984700199996,502.646754472,464.908963588,464.908963588,464.908963588,464.908963588,560.081819813,560.081819813,560.081819813,560.081819813,446.410879108,451.035400228,455.659921348,460.284442468,537.5930272441999,543.2152253864,548.8374235286,554.4596216708001
27,47.354027444799996,45.6219522218,43.7923287724,56.0391789487,53.98773551399999,51.8204533303,0.38718557926299996,0.403883707232,0.375747969387,0.396045373297,0.383791051078,0.403212378986,0.41662789715000004,0.404158252402,0.38951032754799997,0.331435859644,0.348051300533,0.296870804037,0.301147851784,296.899827129,0.04286308534680001,8737742456.12,983.6000001728537,COD,Democratic Republic of the Congo,COD.11_1,Kongo-Central,,,Province,Province,,CD.BC,47.007612400199996,46.661197355599995,46.314782311,45.9683672664,56.0391789487,56.0391789487,56.0391789487,56.0391789487,47.354027444799996,56.0391789487,43.7923287724,43.7923287724,43.7923287724,43.7923287724,51.8204533303,51.8204533303,51.8204533303,51.8204533303,45.25602753192,44.89010284204,44.52417815216,44.15825346228,53.55427907725999,53.12082264052,52.687366203779995,52.25390976704
28,14.9044688401,15.7850500655,16.6335208108,17.451683480899998,18.482584598800003,19.475850174,0.00079994033184,0.0,0.0005837159929049999,0.0,0.0,0.00018869461957700002,0.0,0.00034038833053900004,0.0,0.0,0.00033858898239000004,0.00113477481117,0.000234948306572,554.4626479259999,0.0026459414919800003,7820461289.38,,COD,Democratic Republic of the Congo,COD.12_1,Kwango,,,Province,Province,,CD.KG,15.08058508518,15.25670133026,15.43281757534,15.60893382042,17.451683480899998,17.451683480899998,17.451683480899998,17.451683480899998,14.9044688401,17.451683480899998,16.6335208108,16.6335208108,16.6335208108,16.6335208108,19.475850174,19.475850174,19.475850174,19.475850174,15.95474421456,16.12443836362,16.29413251268,16.46382666174,18.68123771384,18.87989082888,19.078543943920003,19.277197058960002
29,32.1953562662,34.101875416999995,35.9406245497,37.973244129,40.222549231799995,42.3921417553,0.0019083072872899999,0.0018293611104400003,0.00260034050738,0.0015884278373,0.0028756479919,0.0041858700167899995,0.00577872848222,0.00774504350947,0.008799380959270001,0.00828560021555,0.0129189808189,0.0140127449633,0.014775370301900001,284.96699245,0.00835623231416,4709461329.28,,COD,Democratic Republic of the Congo,COD.13_1,Kwilu,,,Province,Province,,CD.KU,32.57666009636,32.95796392652,33.339267756679995,33.720571586839995,37.973244129,37.973244129,37.973244129,37.973244129,32.1953562662,37.973244129,35.9406245497,35.9406245497,35.9406245497,35.9406245497,42.3921417553,42.3921417553,42.3921417553,42.3921417553,34.469625243539994,34.83737507007999,35.20512489662,35.57287472316,40.6564677365,41.0903862412,41.5243047459,41.9582232506
30,28.644438614699997,33.740585969499996,39.5463965373,33.5294033447,39.494633017199995,46.2905458828,0.00384801900707,0.0014751269447300002,0.00322957789102,0.00189818794827,0.000517861760746,0.00577628677092,0.00460075918589,0.00461564761018,0.0,0.00040801952893199995,0.000753253877392,0.0007532555528150001,0.00179024743896,271.440513415,0.00488504680457,6090993172.25,,COD,Democratic Republic of the Congo,COD.14_1,Lomami,,,Province,Province,,CD.LM,29.663668085659996,30.682897556619995,31.702127027579998,32.72135649854,33.5294033447,33.5294033447,33.5294033447,33.5294033447,28.644438614699997,33.5294033447,39.5463965373,39.5463965373,39.5463965373,39.5463965373,46.2905458828,46.2905458828,46.2905458828,46.2905458828,34.90174808306,36.062910196619995,37.22407231018,38.385234423739995,40.853815590319996,42.21299816344,43.57218073656,44.931363309679995
31,5.08614581481,7.447389039680001,10.8507317721,6.0105791816,8.80085782161,12.82253904,0.0312308593136,0.029919320922,0.027982063555099995,0.0276702978436,0.0230444439028,0.026750119535699998,0.0315702754031,0.028345964867700003,0.0326467201942,0.0346434411163,0.04983212127449999,0.056549130296800004,0.0655272412524,564.408737363,0.00489207447188,24597640141.2,,COD,Democratic Republic of the Congo,COD.15_1,Lualaba,,,Province,Province,,CD.LB,5.558394459784,6.030643104758,6.502891749732001,6.975140394706001,6.0105791816,6.0105791816,6.0105791816,6.0105791816,5.08614581481,6.0105791816,10.8507317721,10.8507317721,10.8507317721,10.8507317721,12.82253904,12.82253904,12.82253904,12.82253904,8.128057586164001,8.808726132648001,9.489394679132001,10.170063225616,9.605194065288,10.409530308966,11.213866552644,12.018202796322
32,7.769569446860001,8.22965828271,8.67371045178,9.22706972036,9.773416190510002,10.3008743829,0.00017522433643200002,0.000157569527704,0.00041675633889099996,0.00021710614689599998,0.0009416726797689999,0.0015862817253399998,0.00237860494289,0.00189063753597,0.00254201631448,0.0017018862089900001,0.0018250290233399998,0.00274551776634,0.0036084004506,600.663783211,0.00192658507259,17890074387.9,,COD,Democratic Republic of the Congo,COD.16_1,Maï-Ndombe,,,Province,Province,,CD.MA,7.861587214030001,7.953604981200001,8.04562274837,8.13764051554,9.22706972036,9.22706972036,9.22706972036,9.22706972036,7.769569446860001,9.22706972036,8.67371045178,8.67371045178,8.67371045178,8.67371045178,10.3008743829,10.3008743829,10.3008743829,10.3008743829,8.318468716524,8.407279150338,8.496089584152,8.584900017966,9.878907828988002,9.984399467466002,10.089891105944,10.195382744422
33,9.504597575730001,11.0373215818,12.7531613577,11.1910402275,12.9957177561,15.015998256700001,0.0005947442593049999,0.000508780235678,0.000755023610647,0.00026070361404700003,0.0016374549880499999,0.00360890121546,0.007319067303339999,0.00431063899258,0.00610270394999,0.00440523271695,0.004678611166329999,0.00714525119362,0.0071181869059,516.674728584,0.00267770465849,34704687375.0,,COD,Democratic Republic of the Congo,COD.17_1,Maniema,,,Province,Province,,CD.MN,9.811142376944002,10.117687178158,10.424231979372001,10.730776780586,11.1910402275,11.1910402275,11.1910402275,11.1910402275,9.504597575730001,11.1910402275,12.7531613577,12.7531613577,12.7531613577,12.7531613577,15.015998256700001,15.015998256700001,15.015998256700001,15.015998256700001,11.38048953698,11.723657492160001,12.066825447340001,12.40999340252,13.39977385622,13.80382995634,14.207886056460001,14.611942156580001
34,17.4595847567,19.912426924200002,22.5958459582,20.8423757491,23.7704627002,26.9738025323,0.0019125061497600002,0.0025799894326399998,0.00045530296070699994,0.0008043685471880001,0.00045530296070699994,0.00045530253912400004,0.00405222293014,0.0034754868896999997,0.00408258386008,0.00391563858136,0.008104281052529999,0.0061465594924899995,0.00921455648874,504.922301866,0.00385288761262,11170828914.3,,COD,Democratic Republic of the Congo,COD.18_1,Mongala,,,Province,Province,,CD.MO,17.9501531902,18.4407216237,18.931290057200002,19.4218584907,20.8423757491,20.8423757491,20.8423757491,20.8423757491,17.4595847567,20.8423757491,22.5958459582,22.5958459582,22.5958459582,22.5958459582,26.9738025323,26.9738025323,26.9738025323,26.9738025323,20.449110731,20.9857945378,21.522478344600003,22.059162151400002,24.41113066662,25.05179863304,25.692466599459998,26.33313456588
35,61.5411155643,72.5276057415,85.0592861396,71.82475814770001,84.6476637178,99.27435876969999,0.0159554386429,0.0116349262359,0.013191787879399999,0.0116809500263,0.0103099284247,0.0260452118539,0.0321524864278,0.052317726414199996,0.0643556278424,0.0723335380927,0.073681389224,0.06931438535069999,0.09948762106680001,356.643161407,0.0240823138209,25894879730.8,,COD,Democratic Republic of the Congo,COD.19_1,Nord-Kivu,,,Province,Province,,CD.NK,63.73841359974,65.93571163518,68.13300967062,70.33030770606,71.82475814770001,71.82475814770001,71.82475814770001,71.82475814770001,61.5411155643,71.82475814770001,85.0592861396,85.0592861396,85.0592861396,85.0592861396,99.27435876969999,99.27435876969999,99.27435876969999,99.27435876969999,75.03394182112,77.54027790074,80.04661398036001,82.55295005998,87.57300272818,90.49834173856,93.42368074894,96.34901975931999
36,12.3381509047,14.0708392897,15.966490833699998,14.4363347806,16.4629860748,18.6803379003,0.0113043836123,0.007919408531739999,0.00954177841052,0.00714199389312,0.0092927223761,0.00674010089375,0.007736567314369999,0.00632884398421,0.00867533566022,0.00907191403064,0.00842987270972,0.0071250552995300006,0.00874942858376,697.404422606,0.0036203072249099996,6192592150.36,0.0,COD,Democratic Republic of the Congo,COD.20_1,Nord-Ubangi,,,Province,Province,,CD.NU,12.684688581700001,13.0312262587,13.3777639357,13.7243016127,14.4363347806,14.4363347806,14.4363347806,14.4363347806,12.3381509047,14.4363347806,15.966490833699998,15.966490833699998,15.966490833699998,15.966490833699998,18.6803379003,18.6803379003,18.6803379003,18.6803379003,14.4499695985,14.8290999073,15.208230216099999,15.5873605249,16.9064564399,17.349926805,17.7933971701,18.2368675352
37,0.6959545251270001,0.820428612976,0.962439991515,0.816694511118,0.962799607028,1.12950173174,0.0,0.0,0.0,0.0,0.0,0.0,0.000236232782781,0.00022048744594299998,0.0,0.0,0.0,0.000968489339251,0.000322850339246,617.170260118,0.0019253956367100001,10712348205.7,,COD,Democratic Republic of the Congo,COD.21_1,Sankuru,,,Province,Province,,CD.SN,0.7208493426968,0.7457441602666001,0.7706389778364,0.7955337954062001,0.816694511118,0.816694511118,0.816694511118,0.816694511118,0.6959545251270001,0.816694511118,0.962439991515,0.962439991515,0.962439991515,0.962439991515,1.12950173174,1.12950173174,1.12950173174,1.12950173174,0.8488308886838,0.8772331643916,0.9056354400994,0.9340377158072001,0.9961400319704,1.0294804569128,1.0628208818552,1.0961613067976
38,46.112117884899995,52.26467990020001,58.9456859229,56.2193402286,63.7302587975,71.8889577077,0.0249391819136,0.0194683158535,0.0196920197604,0.0171511406654,0.0205911178439,0.0203359546225,0.0175546316101,0.0200484341498,0.024679332615,0.025112825228200002,0.025081846488600002,0.027599031066400003,0.051935797877699995,517.073519795,0.012288110542500001,23193784851.0,0.0,COD,Democratic Republic of the Congo,COD.22_1,Sud-Kivu,,,Province,Province,,CD.SK,47.34263028796,48.57314269102,49.80365509408,51.034167497140004,56.2193402286,56.2193402286,56.2193402286,56.2193402286,46.112117884899995,56.2193402286,58.9456859229,58.9456859229,58.9456859229,58.9456859229,71.8889577077,71.8889577077,71.8889577077,71.8889577077,53.600881104740004,54.93708230928,56.273283513820004,57.60948471836,65.36199857954,66.99373836158,68.62547814362,70.25721792566
39,24.673264926799998,28.135297131999998,31.924614970700002,28.866440053,32.9154524031,37.348203083,0.00497561226309,0.0011944294523399998,0.00489160158475,0.0038476584164299998,0.00592942180826,0.00472825359954,0.008615659101239998,0.00417233822675,0.00465585102855,0.00511190648288,0.0073235056263100005,0.006588778981649999,0.012189094721999999,427.49989277699996,0.00573044338228,5758920345.39,,COD,Democratic Republic of the Congo,COD.23_1,Sud-Ubangi,,,Province,Province,,CD.SU,25.365671367839997,26.058077808879997,26.75048424992,27.44289069096,28.866440053,28.866440053,28.866440053,28.866440053,24.673264926799998,28.866440053,31.924614970700002,31.924614970700002,31.924614970700002,31.924614970700002,37.348203083,37.348203083,37.348203083,37.348203083,28.893160699739997,29.65102426748,30.40888783522,31.166751402960003,33.80200253908,34.68855267506,35.57510281104,36.46165294702
40,7.1284733214600005,10.4343874432,15.1999257149,8.38091963112,12.2676230737,17.8703805253,0.00343155451107,0.0027208964498000006,0.0027913442413299997,0.0036192331125199997,0.0025993491520100004,0.00386057747036,0.0033355732349699997,0.0036813304537,0.00552583113867,0.00635008034983,0.0057694826879399995,0.00458325452429,0.00748994935047,331.19831387799996,0.00206350282829,20827177294.9,,COD,Democratic Republic of the Congo,COD.24_1,Tanganyika,,,Province,Province,,CD.TG,7.789656145808,8.450838970156001,9.112021794504,9.773204618852,8.38091963112,8.38091963112,8.38091963112,8.38091963112,7.1284733214600005,8.38091963112,15.1999257149,15.1999257149,15.1999257149,15.1999257149,17.8703805253,17.8703805253,17.8703805253,17.8703805253,11.38749509754,12.34060275188,13.29371040622,14.24681806056,13.38817456402,14.508726054339999,15.629277544659999,16.74982903498
41,7.1264816987,8.22991140868,9.456493319989999,8.44327243987,9.75056103689,11.203749235,0.00701184305005,0.00428978308024,0.0040512557669,0.004375018055819999,0.0041705417959,0.00663282668905,0.00875426253037,0.00882242435759,0.00981927119695,0.00836658024872,0.00826008430735,0.00868612625618,0.010168537414100001,697.419111727,0.0025903710049000003,54001260270.4,,COD,Democratic Republic of the Congo,COD.25_1,Tshopo,,,Province,Province,,CD.TO,7.347167640696,7.567853582692,7.788539524688,8.009225466684,8.44327243987,8.44327243987,8.44327243987,8.44327243987,7.1264816987,8.44327243987,9.456493319989999,9.456493319989999,9.456493319989999,9.456493319989999,11.203749235,11.203749235,11.203749235,11.203749235,8.475227790942,8.720544173203999,8.965860555466,9.211176937727998,10.041198676512,10.331836316134,10.622473955756,10.913111595378
42,5.369943836209999,6.12420399133,6.949372038180001,6.277401268489999,7.15912498903,8.1237395299,0.0,0.0,0.0,0.0,0.0,0.0,0.0,0.0,0.0,0.0,0.0,0.0,0.0,799.8175443910001,0.0013261771536000001,36353557949.9,,COD,Democratic Republic of the Congo,COD.26_1,Tshuapa,,,Province,Province,,CD.TP,5.520795867233999,5.671647898258,5.822499929281999,5.973351960306,6.277401268489999,6.277401268489999,6.277401268489999,6.277401268489999,5.369943836209999,6.277401268489999,6.949372038180001,6.949372038180001,6.949372038180001,6.949372038180001,8.1237395299,8.1237395299,8.1237395299,8.1237395299,6.2892376007,6.45427121007,6.619304819440001,6.784338428810001,7.352047897204001,7.544970805378,7.737893713552,7.930816621726
43,3899.38980009,4368.34481733,4849.01752239,4587.80971372,5139.55658828,5705.08988599,24.709565125,24.1433645041,22.7890663531,24.0767560361,25.5513414158,29.1493715713,31.2273276105,31.1994553079,31.7364392191,28.7000875781,30.0539699613,30.455998092199998,20.249614289100002,25.674698786900002,14.8810111798,649893453.918,,ETH,Ethiopia,ETH.1_1,Addis Abeba,?dd?s ?baba|Addis Ababa|Adis-Abeba|?d?s ?beba,,Astedader,City,14,ET.AA,3993.180803538,4086.971806986,4180.762810434,4274.553813882,4587.80971372,4587.80971372,4587.80971372,4587.80971372,3899.38980009,4587.80971372,4849.01752239,4849.01752239,4849.01752239,4849.01752239,5705.08988599,5705.08988599,5705.08988599,5705.08988599,4464.4793583420005,4560.613899354,4656.748440366,4752.882981377999,5252.663247822,5365.769907364,5478.876566906,5591.983226448
44,11.408184108499999,12.9211025774,14.501056090799999,13.5882495478,15.39028394,17.272164485799998,0.0196477687934,0.017591624135900003,0.0144511982008,0.015901714989,0.0166267902591,0.0127336047919,0.0164741967246,0.0158641999833,0.021573766855799998,0.0253690614701,0.0413235319239,0.017061782919100002,0.031420234084400006,425.931046317,0.0111828527863,145832565678.0,,ETH,Ethiopia,ETH.2_1,Afar,,,Kilil,State,02,ET.AF,11.71076780228,12.013351496059999,12.31593518984,12.618518883619998,13.5882495478,13.5882495478,13.5882495478,13.5882495478,11.408184108499999,13.5882495478,14.501056090799999,14.501056090799999,14.501056090799999,14.501056090799999,17.272164485799998,17.272164485799998,17.272164485799998,17.272164485799998,13.23709328008,13.553083982759999,13.86907468544,14.185065388119998,15.766660049159999,16.143036158319997,16.51941226748,16.89578837664
45,88.9866558025,99.48908566940001,110.215343962,105.788606481,118.273998797,131.025470478,0.028919291713999998,0.0313468730782,0.0277846833654,0.0343472542161,0.0332784587033,0.038413072538,0.049564147225,0.047261066854099996,0.0540040637603,0.0530107543673,0.053687603924199995,0.048451035290299996,0.06243921470819999,567.7576192,0.0551549163808,211720153107.0,,ETH,Ethiopia,ETH.3_1,Amhara,Amara,,Kilil,State,03,ET.AM,91.08714177588,93.18762774926,95.28811372264,97.38859969602001,105.788606481,105.788606481,105.788606481,105.788606481,88.9866558025,105.788606481,110.215343962,110.215343962,110.215343962,110.215343962,131.025470478,131.025470478,131.025470478,131.025470478,101.63433732792001,103.77958898644,105.92484064496001,108.07009230348001,120.8242931332,123.3745874694,125.9248818056,128.47517614179998
46,11.8360657884,13.836070171700001,16.026183392100002,13.987501503699999,16.3510028301,18.9391554045,0.00175789393469,0.00866386623067,0.00333189595426,0.00297863558426,0.00311278263745,0.0064095662767,0.0038488881758500003,0.0315893439038,0.00461734990632,0.0142979900129,0.0200489864936,0.0113635435605,0.0191990671228,797.784312093,0.00600447823289,57954253606.2,,ETH,Ethiopia,ETH.4_1,Benshangul-Gumaz,Beneshangul Gumu,,Kilil,State,06,ET.BE,12.23606666506,12.63606754172,13.036068418380001,13.436069295040001,13.987501503699999,13.987501503699999,13.987501503699999,13.987501503699999,11.8360657884,13.987501503699999,16.026183392100002,16.026183392100002,16.026183392100002,16.026183392100002,18.9391554045,18.9391554045,18.9391554045,18.9391554045,14.274092815780001,14.712115459860001,15.150138103940002,15.588160748020002,16.86863334498,17.38626385986,17.90389437474,18.42152488962
47,245.339214819,280.951858062,318.799077974,289.147231444,331.118868164,375.72408690300006,1.76300249752,1.5660657311700001,1.49767797806,1.64178905056,1.7239468108400002,1.92230222281,1.97859492507,2.02520622866,1.9107684613999998,1.86753995807,1.8428588179799998,1.52114905349,1.6732610382799997,255.559023784,0.680928106435,1459759741.83,,ETH,Ethiopia,ETH.5_1,Dire Dawa,,,Astedader,City,15,ET.DD,252.4617434676,259.5842721162,266.7068007648,273.8293294134,289.147231444,289.147231444,289.147231444,289.147231444,245.339214819,289.147231444,318.799077974,318.799077974,318.799077974,318.799077974,375.72408690300006,375.72408690300006,375.72408690300006,375.72408690300006,288.5213020444,296.0907460268,303.6601900092,311.2296339916,340.0399119118,348.9609556596,357.88199940740003,366.80304315520004
48,6.62556296913,8.54533945382,10.9225210088,7.79690017119,10.0560053344,12.8533390537,0.0075252663009899995,0.00620200552487,0.0029493959389899995,0.00355582302671,0.00286673239718,0.0046859736353999995,0.00791109193493,0.0097591417617,0.00667049120024,0.0146391299285,0.00752501928962,0.00810877047143,0.00766396999588,1060.88565811,0.005368491860529999,28947668081.8,0.0,ETH,Ethiopia,ETH.6_1,Gambela Peoples,Gambela,,Kilil,State,12,ET.GA,7.0095182660679995,7.393473563006,7.777428859944,8.161384156882,7.79690017119,7.79690017119,7.79690017119,7.79690017119,6.62556296913,7.79690017119,10.9225210088,10.9225210088,10.9225210088,10.9225210088,12.8533390537,12.8533390537,12.8533390537,12.8533390537,9.020775764816001,9.496212075812,9.971648386808,10.447084697804,10.61547207826,11.17493882212,11.73440556598,12.29387230984
49,367.093185894,423.084290305,483.16222133400004,432.24566730000004,498.17420199400004,568.914883479,2.4919575515,2.46301138201,2.24370399787,2.35446618223,2.68245057781,1.96818680384,2.5866836758400003,2.6736621765,2.97588129917,3.0427617894,2.9410202044700005,2.46519451093,2.48987257382,66.1630278035,1.01172058282,507478382.194,,ETH,Ethiopia,ETH.7_1,Harari People,Hareri,,Kilil,State,13,ET.HA,378.2914067762,389.4896276584,400.68784854060004,411.8860694228,432.24566730000004,432.24566730000004,432.24566730000004,432.24566730000004,367.093185894,432.24566730000004,483.16222133400004,483.16222133400004,483.16222133400004,483.16222133400004,568.914883479,568.914883479,568.914883479,568.914883479,435.0998765108,447.1154627166,459.13104892240005,471.14663512820005,512.322338291,526.470474588,540.618610885,554.766747182
50,62.8664223804,73.7455385833,85.7180048574,74.09267144350001,86.91452137290001,101.024966042,0.0476140163795,0.04720152247219999,0.0439454472748,0.048045228914599995,0.05820080765980001,0.05772000959890001,0.072701431403,0.0680462287919,0.08732271974360001,0.0740317485613,0.0878744667992,0.0762332227843,0.10795083966800001,554.7985911430001,0.0514854973368,350268953641.0,,ETH,Ethiopia,ETH.8_1,Oromia,Oromiya,,Kilil,State,04,ET.OR,65.04224562098,67.21806886156,69.39389210214,71.56971534272,74.09267144350001,74.09267144350001,74.09267144350001,74.09267144350001,62.8664223804,74.09267144350001,85.7180048574,85.7180048574,85.7180048574,85.7180048574,101.024966042,101.024966042,101.024966042,101.024966042,76.14003183812001,78.53452509294,80.92901834776,83.32351160258,89.73661030672001,92.55869924054001,95.38078817436,98.20287710818
51,11.0452880529,12.756228573800001,14.597779238,12.9527438552,14.9591453651,17.1187084777,0.0035957387501,0.00373844269286,0.0038870436821099997,0.0034116854184200003,0.00403487719837,0.00391963828616,0.00520940694447,0.00485780498839,0.005648028575899999,0.006020832882399999,0.00595124109561,0.00432812006903,0.007063321452470001,642.2662737,0.005907263175369999,393559680954.0,5787.0,ETH,Ethiopia,ETH.9_1,Somali,Sumale,,Kilil,State,05,ET.SO,11.38747615708,11.72966426126,12.071852365440002,12.414040469620002,12.9527438552,12.9527438552,12.9527438552,12.9527438552,11.0452880529,12.9527438552,14.597779238,14.597779238,14.597779238,14.597779238,17.1187084777,17.1187084777,17.1187084777,17.1187084777,13.124538706640001,13.49284883948,13.86115897232,14.22946910516,15.39105798762,15.82297061014,16.25488323266,16.68679585518
52,103.456484519,120.715081808,139.567780193,121.623304283,141.91250938299999,164.07573976,0.0291867585189,0.032858422579200006,0.0237613835835,0.031023112203199997,0.0437245048118,0.040165994568800004,0.0602086048598,0.060282088221899996,0.08255617521000001,0.0692465495957,0.0784417285815,0.0644675121121,0.101432129128,691.275025785,0.0662035952952,100864593014.0,,ETH,Ethiopia,ETH.10_1,"Southern Nations, Nationalities and Peoples",SNNPR,,Kilil,State,07,ET.SN,106.9082039768,110.35992343459999,113.81164289239999,117.2633623502,121.623304283,121.623304283,121.623304283,121.623304283,103.456484519,121.623304283,139.567780193,139.567780193,139.567780193,139.567780193,164.07573976,164.07573976,164.07573976,164.07573976,124.485621485,128.256161162,132.026700839,135.797240516,146.3451554584,150.7778015338,155.2104476092,159.6430936846
53,62.3296399643,71.3334792954,80.8543674028,74.5765955136,85.3497609537,96.74147285459999,0.065718184861,0.0659170841666,0.08148637480160001,0.0939859192643,0.110182628149,0.116907500034,0.149903565944,0.170767749517,0.176309071907,0.15991665341800002,0.175049204382,0.152839279558,0.188444782275,399.752981734,0.07893801236989999,78540197747.5,0.0,ETH,Ethiopia,ETH.11_1,Tigray,Tegré|Tigrai|Tigre,,Kilil,State,01,ET.TI,64.13040783052,65.93117569674,67.73194356296,69.53271142918,74.5765955136,74.5765955136,74.5765955136,74.5765955136,62.3296399643,74.5765955136,80.8543674028,80.8543674028,80.8543674028,80.8543674028,96.74147285459999,96.74147285459999,96.74147285459999,96.74147285459999,73.23765691688,75.14183453836,77.04601215983999,78.95018978131999,87.62810333387999,89.90644571406,92.18478809423999,94.46313047442
54,104.270133308,114.92291775700001,125.03838599299999,126.06977612899999,138.94955816799998,151.179658109,1.02180565212,1.25295319491,1.299459139,1.396578453,1.56562318715,1.52111064589,1.9523853832,1.8747896838599998,1.45843381277,1.5963599763999998,1.57105973215,1.15437756403,1.89581462529,150.83346361600002,0.36031618518200004,26443001406.0,,SDN,Sudan,SDN.1_1,Al Jazirah,Gezira,????? ???????,Wilayat,State,,SD.GZ,106.4006901978,108.53124708760001,110.6618039774,112.7923608672,126.06977612899999,126.06977612899999,126.06977612899999,126.06977612899999,104.270133308,126.06977612899999,125.03838599299999,125.03838599299999,125.03838599299999,125.03838599299999,151.179658109,151.179658109,151.179658109,151.179658109,116.94601140420001,118.9691050514,120.99219869859999,123.01529234579999,141.39557815619997,143.8415981444,146.2876181326,148.7336381208
55,19.534692095,20.8461326353,21.968654511,23.4079709706,24.980545683699997,26.326928857,0.07330122920360001,0.0616189539609,0.0601987836029,0.0690611933981,0.0709025880574,0.0698241422198,0.0837030731899,0.0705520700355,0.0611477336557,0.0618660170064,0.0601039571411,0.08685677583969999,0.0814763810636,229.78677143,0.0311852456934,78899919898.5,,SDN,Sudan,SDN.2_1,Al Qadarif,Gedarif|Gadarif|Gedaref|Gederaf,???????,Wilayat,State,,SD.GD,19.79698020306,20.05926831112,20.32155641918,20.58384452724,23.4079709706,23.4079709706,23.4079709706,23.4079709706,19.534692095,23.4079709706,21.968654511,21.968654511,21.968654511,21.968654511,26.326928857,26.326928857,26.326928857,26.326928857,21.07063701044,21.29514138558,21.51964576072,21.74415013586,25.249822318359996,25.51909895302,25.788375587679997,26.05765222234
56,14.8701072971,17.5490729128,20.443842208499998,17.780396253699998,20.9836739528,24.444987726100003,0.0400006584575,0.0375400005356,0.0366373726745,0.035756847485800006,0.035486374079900004,0.040727641094400004,0.0496629655666,0.047833812623500005,0.0440430759514,0.0497818180247,0.0561699466753,0.0756405238518,0.09259429650139998,328.746311855,0.021843303584699998,38972931709.7,,SDN,Sudan,SDN.3_1,Blue Nile,An N?l al Azraq|Nil Bleu|Nilo Azul,????? ???????,Wilayat,State,,SD.BN,15.40590042024,15.94169354338,16.47748666652,17.01327978966,17.780396253699998,17.780396253699998,17.780396253699998,17.780396253699998,14.8701072971,17.780396253699998,20.443842208499998,20.443842208499998,20.443842208499998,20.443842208499998,24.444987726100003,24.444987726100003,24.444987726100003,24.444987726100003,18.12802677194,18.70698063108,19.285934490219997,19.864888349359997,21.67593670746,22.36819946212,23.060462216780003,23.752724971440003
57,17.007914647699998,17.761413231800002,18.460620293199998,20.2335996166,21.130745633900002,21.963456843200003,0.00816981494607,0.00599292047725,0.0035453868812199995,0.00695823191251,0.00616880584547,0.00868651798743,0.0104252024708,0.013553945513799999,0.018598953834500002,0.0196713769202,0.023983705783500002,0.031195928849,0.0414654236233,451.080388277,0.0241579160057,10115022061.2,0.0,SDN,Sudan,SDN.4_1,Central Darfur,Zalingei,,Wilayat,State,,SD.CD,17.158614364519998,17.30931408134,17.460013798160002,17.610713514980002,20.2335996166,20.2335996166,20.2335996166,20.2335996166,17.007914647699998,20.2335996166,18.460620293199998,18.460620293199998,18.460620293199998,18.460620293199998,21.963456843200003,21.963456843200003,21.963456843200003,21.963456843200003,17.90125464408,18.04109605636,18.18093746864,18.32077888092,21.297287875760002,21.463830117620002,21.630372359480003,21.796914601340003
58,16.6909239483,20.7517883463,25.4719987885,19.7767262817,24.588425327800003,30.1813835012,0.0069971779468599995,0.006129909802270001,0.007512236065,0.00858652549254,0.0107825286864,0.017278852075200003,0.019292898816500002,0.0203699799453,0.0243753419015,0.023225831753700004,0.028962048344799998,0.021627826773599996,0.043659535720300006,358.31711740699996,0.0152670687118,21293332595.6,3614.52000002563,SDN,Sudan,SDN.5_1,East Darfur,,,Wilayat,State,,SD.ED,17.5030968279,18.3152697075,19.1274425871,19.9396154667,19.7767262817,19.7767262817,19.7767262817,19.7767262817,16.6909239483,19.7767262817,25.4719987885,25.4719987885,25.4719987885,25.4719987885,30.1813835012,30.1813835012,30.1813835012,30.1813835012,21.69583043474,22.63987252318,23.58391461162,24.52795670006,25.70701696248,26.825608597160002,27.94420023184,29.06279186652
59,27.5117073463,31.2681737775,35.080199947800004,33.2424215579,37.781448386,42.387628323600005,0.159438639296,0.146990784884,0.150176799965,0.151408127211,0.160969129132,0.151884770154,0.176370690842,0.17764892641199997,0.163263144685,0.13545578012,0.127558668335,0.12230899601,0.16802076991099998,333.62389557299997,0.053277454802599995,61119020951.3,0.0,SDN,Sudan,SDN.6_1,Kassala,Cassala|Kessala,"????,",Wilayat,State,,SD.KA,28.26300063254,29.014293918779998,29.765587205019997,30.51688049126,33.2424215579,33.2424215579,33.2424215579,33.2424215579,27.5117073463,33.2424215579,35.080199947800004,35.080199947800004,35.080199947800004,35.080199947800004,42.387628323600005,42.387628323600005,42.387628323600005,42.387628323600005,32.03057901156,32.792984245620005,33.55538947968,34.31779471374,38.70268437352,39.62392036104,40.545156348560006,41.466392336080006
60,177.288712078,203.76374531599998,231.18078400099998,218.691445914,251.348069994,285.16640914,2.66084555312,2.9194517752599998,3.2754956317699997,3.23305660824,3.2229642705000003,3.33895349122,3.7388730658499996,3.91402364309,3.74077644251,3.4687294882599997,3.8947249505,3.87623077057,3.4757169863099997,273.47447942,1.20632911824,22658439611.8,,SDN,Sudan,SDN.7_1,Khartoum,Al Khar??m| Al Khur??m| Cartum|Jartum| Khartum,???????,Wilayat,State,,SD.KH,182.5837187256,187.87872537319998,193.1737320208,198.4687386684,218.691445914,218.691445914,218.691445914,218.691445914,177.288712078,218.691445914,231.18078400099998,231.18078400099998,231.18078400099998,231.18078400099998,285.16640914,285.16640914,285.16640914,285.16640914,209.24715305299998,214.73056078999997,220.21396852699996,225.69737626399998,258.11173782320003,264.8754056524,271.6390734816,278.40274131079997
61,4.34694807999,5.33411849017,6.4620836528900005,5.20693558393,6.38939947403,7.74051052481,0.00647433535782,0.00540008542071,0.00313022974833,0.00415029617074,0.006132736758390001,0.0054907932184300005,0.00581779275412,0.006909260392090001,0.011141607999700001,0.0120368507088,0.012569703586500001,0.0114934461946,0.0153076025941,573.186385414,0.00523304285891,147226119908.0,,SDN,Sudan,SDN.8_1,North Darfur,D?rf?r ash Sham?l?yah| Sham?l D?rf?r| Darfur septentrional,???? ???????,Wilayat,State,,SD.ND,4.544382162025999,4.741816244062,4.939250326098,5.136684408134,5.20693558393,5.20693558393,5.20693558393,5.20693558393,4.34694807999,5.20693558393,6.4620836528900005,6.4620836528900005,6.4620836528900005,6.4620836528900005,7.74051052481,7.74051052481,7.74051052481,7.74051052481,5.559711522714,5.7853045552580005,6.010897587802001,6.236490620346,6.659621684186,6.929843894342,7.200066104498,7.470288314654001
62,8.42127056053,9.67463156077,10.9724955747,10.0835344034,11.5843384866,13.1384340723,0.0239148153314,0.025996514311199998,0.0270483254705,0.024944965607699997,0.027165111050400002,0.026451695576,0.0300172033368,0.0320174687501,0.0292016520517,0.033238224728000004,0.0367859671386,0.0351548396769,0.041496279508800006,387.81781403699995,0.012160809002700002,147087299608.0,,SDN,Sudan,SDN.9_1,North Kurdufan,Kurduf?n ash Sham?l?yah|Sham?l Kurduf?n|North Kordofan|Kordofan septentrional,???? ???????,Wilayat,State,,SD.KN,8.671942760578,8.922614960626,9.173287160674,9.423959360722,10.0835344034,10.0835344034,10.0835344034,10.0835344034,8.42127056053,10.0835344034,10.9724955747,10.9724955747,10.9724955747,10.9724955747,13.1384340723,13.1384340723,13.1384340723,13.1384340723,9.934204363556,10.193777166342,10.453349969128,10.712922771914,11.89515760374,12.20597672088,12.51679583802,12.827614955160001
63,1.54351470057,1.72193519102,1.8962494344999998,1.89810401898,2.11749798705,2.3318393408599998,0.017903927589599997,0.0180355208784,0.0214976097031,0.0254116361557,0.0327137767116,0.0347754121358,0.04526276827740001,0.04901568481919999,0.052150082709400004,0.05133456025619999,0.054492247265,0.050927935963099996,0.0722138418249,658.530581264,0.0104604370799,329205103129.0,,SDN,Sudan,SDN.10_1,Northern,Ash Sham?l?|Ash Sham?l?yah|Nord,????????,Wilayat,State,,SD.NO,1.57919879866,1.61488289675,1.6505669948400001,1.68625109293,1.89810401898,1.89810401898,1.89810401898,1.89810401898,1.54351470057,1.89810401898,1.8962494344999998,1.8962494344999998,1.8962494344999998,1.8962494344999998,2.3318393408599998,2.3318393408599998,2.3318393408599998,2.3318393408599998,1.756798039716,1.791660888412,1.8265237371079999,1.861386585804,2.160366257812,2.203234528574,2.246102799336,2.288971070098
64,3.9936502303900006,5.08123627846,6.3823486219,4.94276821214,6.2889370288,7.8994297855100015,0.03519636360930001,0.0380481673081,0.0432204038569,0.0472787771373,0.0500625486902,0.05427497132680001,0.057721137624,0.055514683474399994,0.0602645320551,0.060985679144,0.0670320653238,0.0632732236568,0.0665042418102,794.7774569060001,0.013845495886999999,309661100802.0,,SDN,Sudan,SDN.11_1,Red Sea,Ba?r al A?mar|Mar Rojo|Mar Rosso|Mar Vermelho|Mer Rouge|Röda havet|Rødehavet|Rotes Meer,????? ???????,Wilayat,State,,SD.RS,4.211167440004,4.428684649618,4.646201859232,4.863719068846,4.94276821214,4.94276821214,4.94276821214,4.94276821214,3.9936502303900006,4.94276821214,6.3823486219,6.3823486219,6.3823486219,6.3823486219,7.8994297855100015,7.8994297855100015,7.8994297855100015,7.8994297855100015,5.341458747148,5.601681215836,5.861903684524,6.122126153212,6.611035580142,6.9331341314840005,7.255232682826001,7.5773312341680015
65,7.082866704470001,8.035129233189998,8.99818886847,8.64410852627,9.80615423961,10.981346909600001,0.062794639014,0.0640868724591,0.0689144464309,0.081719506036,0.0891831411227,0.10049772793,0.11609274809299999,0.146368830619,0.162905975211,0.163984982919,0.192415116277,0.183572268175,0.28259932227699996,546.251984315,0.0355121084298,149951720524.0,,SDN,Sudan,SDN.12_1,River Nile,"an N?l, Nahr an N?l| Nil| Nile| Nile River|Nilen|Nilo",????? ??? ??????,Wilayat,State,,SD.RN,7.273319210214,7.463771715958,7.654224221701999,7.844676727445999,8.64410852627,8.64410852627,8.64410852627,8.64410852627,7.082866704470001,8.64410852627,8.99818886847,8.99818886847,8.99818886847,8.99818886847,10.981346909600001,10.981346909600001,10.981346909600001,10.981346909600001,8.227741160246,8.420353087301999,8.612965014358,8.805576941414,10.041192773608001,10.276231307606,10.511269841604001,10.746308375602
66,28.1158221991,31.0205674161,33.792304190500005,33.8911927896,37.392288113,40.7329545678,0.19355297572900002,0.20379190684,0.186392957751,0.237685622849,0.24260492345100002,0.250083077192,0.269490676471,0.259767227311,0.20372686073899998,0.19398880382,0.17592925671700002,0.166474308914,0.253399259386,178.577371471,0.0619761848694,43823443051.3,0.0,SDN,Sudan,SDN.13_1,Sennar,Sinnar,????,Wilayat,State,,SD.SI,28.6967712425,29.2777202859,29.8586693293,30.4396183727,33.8911927896,33.8911927896,33.8911927896,33.8911927896,28.1158221991,33.8911927896,33.792304190500005,33.792304190500005,33.792304190500005,33.792304190500005,40.7329545678,40.7329545678,40.7329545678,40.7329545678,31.57491477098,32.12926212586,32.68360948074,33.237956835620004,38.06042140396,38.72855469492,39.39668798588,40.06482127684
67,21.556828310700002,26.813050125300002,32.923575567,25.5484816022,31.7780014692,39.020016016,0.0355298973539,0.0345550234119,0.026805908954500003,0.0270824878368,0.024566891758500003,0.0371252586421,0.0402754067435,0.0443785659946,0.0515578053684,0.0444274380232,0.0539023229854,0.0557301088153,0.0719118598818,430.50865027599997,0.026544708141099996,18020347501.9,,SDN,Sudan,SDN.14_1,South Darfur,D?rf?r al Jan?b?yah| Jan?b D?rf?r| Darfur méridional| Southern Darfur,???? ???????,Wilayat,State,,SD.SD,22.60807267362,23.659317036540003,24.71056139946,25.76180576238,25.5484816022,25.5484816022,25.5484816022,25.5484816022,21.556828310700002,25.5484816022,32.923575567,32.923575567,32.923575567,32.923575567,39.020016016,39.020016016,39.020016016,39.020016016,28.035155213640003,29.25726030198,30.47936539032,31.70147047866,33.22640437856,34.67480728792,36.12321019728,37.57161310664
68,10.1355519885,10.263994821,10.2626553064,12.022670086600002,12.175091500999999,12.1735750271,0.014249479059500001,0.013652983834899999,0.0141426567123,0.0153667619835,0.020613555647900003,0.0223074195009,0.0235387069957,0.025205470961400002,0.0259469572694,0.0349563003175,0.0392345593081,0.0389248817704,0.046683691450300005,424.828049132,0.0168207806035,60510047301.8,,SDN,Sudan,SDN.15_1,South Kurdufan,Southern Kordofan|South Kordufan|Jan?b Kurduf?n|Janub Kurdufun|Kurduf?n al Jan?b?yah|Kordofan méridional,???? ???????,Wilayat,State,,SD.KS,10.161240555,10.1869291215,10.212617688,10.238306254500001,12.022670086600002,12.022670086600002,12.022670086600002,12.022670086600002,10.1355519885,12.022670086600002,10.2626553064,10.2626553064,10.2626553064,10.2626553064,12.1735750271,12.1735750271,12.1735750271,12.1735750271,10.26372691808,10.26345901516,10.26319111224,10.26292320932,12.174788206219999,12.174484911439999,12.17418161666,12.17387832188
69,32.9402157358,33.384473355,33.5009769,39.3465462295,39.8778864321,40.0178697948,0.022376481054,0.018160469440900003,0.01863677093,0.019958487179799998,0.0219689340183,0.0254935660897,0.037282238943699995,0.043524607866699996,0.0523495607173,0.057839911350300005,0.0687239587163,0.08947539818150001,0.115300606213,268.492651278,0.032462527044,4693331381.94,,SDN,Sudan,SDN.16_1,West Darfur,D?rf?r al Gharb?yah|Gharb D?rf?r,??? ???????,Wilayat,State,,SD.WD,33.02906725964,33.11791878348,33.20677030732,33.29562183116,39.3465462295,39.3465462295,39.3465462295,39.3465462295,32.9402157358,39.3465462295,33.5009769,33.5009769,33.5009769,33.5009769,40.0178697948,40.0178697948,40.0178697948,40.0178697948,33.407774063999994,33.431074773,33.454375481999996,33.477676191,39.90588310464,39.933879777179996,39.96187644972,39.98987312226
70,10.1598302738,11.0820740369,11.980144651400002,12.0727454749,13.171390900599999,14.2416800277,0.0125408391809,0.0176147038649,0.021598436015,0.0245672118048,0.0323596330382,0.0390923355997,0.0763525389076,0.11807343936699999,0.135394370085,0.162104352382,0.157631072687,0.108296434303,0.195040610763,345.319113277,0.021965364215799997,65186883982.1,4656.470000097528,SDN,Sudan,SDN.17_1,West Kurdufan,Gharb Kurduf?n| Gharb Kurdufun| Kurduf?n al Gharb?yah| Western Kordofan,??? ???????,Wilayat,State,,SD.KN,10.34427902642,10.52872777904,10.71317653166,10.89762528428,12.0727454749,12.0727454749,12.0727454749,12.0727454749,10.1598302738,12.0727454749,11.980144651400002,11.980144651400002,11.980144651400002,11.980144651400002,14.2416800277,14.2416800277,14.2416800277,14.2416800277,11.2616881598,11.4413022827,11.620916405600001,11.800530528500001,13.385448726019998,13.59950655144,13.813564376859999,14.02762220228
71,40.021537583000004,44.889890476400005,49.705635451099994,48.661362549799996,54.5836375522,60.4425331837,0.211468398051,0.219931670621,0.216240861899,0.24044876573100002,0.242672167962,0.250183753653,0.295777589148,0.317755593017,0.327861925963,0.34708327067199995,0.371800850565,0.37335010876100005,0.44092922339400004,159.88483072,0.08129222676860001,38468004752.6,,SDN,Sudan,SDN.18_1,White Nile,An Ba?r al Abyad|An N?l al-Abyad|Nil Blanc|Nilo Branco,????? ???????,Wilayat,State,,SD.WN,40.995208161680004,41.968878740360005,42.942549319040005,43.916219897720005,48.661362549799996,48.661362549799996,48.661362549799996,48.661362549799996,40.021537583000004,48.661362549799996,49.705635451099994,49.705635451099994,49.705635451099994,49.705635451099994,60.4425331837,60.4425331837,60.4425331837,60.4425331837,45.853039471340004,46.81618846628,47.779337461219995,48.742486456159995,55.755416678500005,56.9271958048,58.0989749311,59.2707540574
72,51.834274968900004,70.5416204091,95.66464754260001,61.6825901899,83.9595402298,113.884992579,0.0,0.042890532138900005,0.0104479766244,0.0302440281607,0.0,0.0109977786698,0.008523287032540001,0.0,0.0120974984304,0.0,0.0,0.0,0.0225455906443,665.3770658,0.031075791741400002,1809785675.1,0.0,UGA,Uganda,UGA.1_1,Adjumani,,,District,District,30,UG.AD,55.57574405694,59.31721314498,63.05868223302001,66.80015132106,61.6825901899,61.6825901899,61.6825901899,61.6825901899,51.834274968900004,61.6825901899,95.66464754260001,95.66464754260001,95.66464754260001,95.66464754260001,113.884992579,113.884992579,113.884992579,113.884992579,75.56622583580001,80.5908312625,85.61543668920001,90.6400421159,89.94463069964,95.92972116948,101.91481163931999,107.89990210916
73,89.8842200509,106.45573376799999,125.615432001,105.86032045799999,125.381016714,147.95196528,0.0,0.0,0.00495707820647,0.0039139263104,0.0,0.0,0.0,0.0,0.00952195642219,0.00326076640969,0.0,0.00495651730041,0.0,165.556309236,0.044438204883,3090773676.34,,UGA,Uganda,UGA.2_1,Apac,,,District,District,30,UG.AC,93.19852279432,96.51282553774,99.82712828115999,103.14143102457999,105.86032045799999,105.86032045799999,105.86032045799999,105.86032045799999,89.8842200509,105.86032045799999,125.615432001,125.615432001,125.615432001,125.615432001,147.95196528,147.95196528,147.95196528,147.95196528,110.2876734146,114.1196130612,117.9515527078,121.7834923544,129.8952064272,134.4093961404,138.9235858536,143.43777556679998
74,123.730716414,148.846283769,178.903426857,144.464485718,173.79197489700002,208.891424743,0.033243886915099996,0.0462057170179,0.0365988690739,0.03614124601,0.034921444005,0.038733749584499995,0.10149415691500001,0.033396151807499996,0.0593202241575,0.0616034600672,0.046511021296199995,0.0436137285991,0.06282500963,308.668683613,0.0924479488049,3181513391.07,,UGA,Uganda,UGA.3_1,Arua,,,District,District,30,UG.AW,128.753829885,133.776943356,138.800056827,143.823170298,144.464485718,144.464485718,144.464485718,144.464485718,123.730716414,144.464485718,178.903426857,178.903426857,178.903426857,178.903426857,208.891424743,208.891424743,208.891424743,208.891424743,154.85771238659999,160.8691410042,166.8805696218,172.8919982394,180.8118648662,187.8317548354,194.8516448046,201.8715347738
75,207.28861084099998,261.239786333,328.058544311,249.958839678,315.033119555,395.63037035,0.0,0.015620660497999999,0.039572441142,0.0406137382188,0.0322827328219,0.0416551216591,0.0479034143695,0.0406136941698,0.0218689292067,0.0333240923044,0.0572757773875,0.031241370627099998,0.08018618002719999,150.376816696,0.103462172281,516530079.835,,UGA,Uganda,UGA.4_1,Bugiri,,,District,District,20,UG.BG,218.07884593939997,228.8690810378,239.65931613619998,250.4495512346,249.958839678,249.958839678,249.958839678,249.958839678,207.28861084099998,249.958839678,328.058544311,328.058544311,328.058544311,328.058544311,395.63037035,395.63037035,395.63037035,395.63037035,274.60353792859996,287.9672895242,301.3310411198,314.6947927154,331.152569714,347.272019873,363.39147003200003,379.510920191
76,82.6076763465,105.578310538,134.502760039,96.3127314721,123.095867275,156.821203135,0.0,0.0,0.0,0.0,0.0,0.00176091974277,0.0,0.0,0.0,0.0,0.0,0.0,0.0,262.673478174,0.046687552049400005,920934330.022,,UGA,Uganda,UGA.5_1,Bundibugyo,,,District,District,40,UG.BN,87.2018031848,91.7959300231,96.3900568614,100.9841836997,96.3127314721,96.3127314721,96.3127314721,96.3127314721,82.6076763465,96.3127314721,134.502760039,134.502760039,134.502760039,134.502760039,156.821203135,156.821203135,156.821203135,156.821203135,111.3632004382,117.1480903384,122.93298023860001,128.7178701388,129.840934447,136.586001619,143.331068791,150.07613596299998
77,157.58409341700002,174.22437614700002,191.906351387,184.18601342099998,203.64043805,224.313843074,0.018206898251,0.0348306132116,0.051256419418299996,0.0740547221945,0.0579850072224,0.0508605369965,0.0,0.022560759741599996,0.0114782697288,0.037799208662400004,0.0251334214688,0.0360179913346,0.0854931212531,277.71376253200003,0.061239728237199996,1590373926.49,,UGA,Uganda,UGA.6_1,Bushenyi,,,District,District,11,UG.BS,160.91214996300002,164.24020650900002,167.56826305500002,170.89631960100002,184.18601342099998,184.18601342099998,184.18601342099998,184.18601342099998,157.58409341700002,184.18601342099998,191.906351387,191.906351387,191.906351387,191.906351387,224.313843074,224.313843074,224.313843074,224.313843074,177.76077119500002,181.29716624300002,184.833561291,188.369956339,207.7751190548,211.9098000596,216.0444810644,220.1791620692
78,258.060902311,296.55790815299997,339.56927845900003,300.863202665,345.747550745,395.895925027,0.195339126186,0.16938955171300002,0.158371592851,0.272108169296,0.149993442269,0.189818728822,0.25065850171799997,0.23255894710499997,0.204750121083,0.228737246258,0.221541236707,0.259472987212,0.23797666742100002,137.703075332,0.233438661216,237759533.397,,UGA,Uganda,UGA.7_1,Busia,,,District,District,20,UG.BU,265.7603034794,273.4597046478,281.1591058162,288.85850698459996,300.863202665,300.863202665,300.863202665,300.863202665,258.060902311,300.863202665,339.56927845900003,339.56927845900003,339.56927845900003,339.56927845900003,395.895925027,395.895925027,395.895925027,395.895925027,305.1601822142,313.7624562754,322.3647303366,330.9670043978,355.7772256014,365.8069004578,375.8365753142,385.8662501706
79,34.15321588,39.3400206356,45.1548336472,39.8886939196,45.9461087523,52.737011151000004,0.012205516385600001,0.017231090006099996,0.0138566847765,0.0226876403365,0.0187388351116,0.023405629064599996,0.031159699369700002,0.021538759079100002,0.018954069259200002,0.0234773343231,0.028862114041,0.0277134903018,0.030298115687799998,367.808615624,0.0265841838705,6417222351.6,,UGA,Uganda,UGA.8_1,Gulu,,,District,District,30,UG.GL,35.19057683112,36.22793778224,37.26529873336,38.30265968448,39.8886939196,39.8886939196,39.8886939196,39.8886939196,34.15321588,39.8886939196,45.1548336472,45.1548336472,45.1548336472,45.1548336472,52.737011151000004,52.737011151000004,52.737011151000004,52.737011151000004,40.50298323792,41.66594584024,42.82890844256,43.99187104488,47.30428923204,48.66246971178,50.020650191520005,51.378830671260005
80,76.4698175815,96.5504592277,121.45235798,89.3474409734,112.809770627,141.905307999,0.026851580643599996,0.0214812545562,0.0352573570414,0.040861137651900005,0.034790413559,0.0438966324648,0.0455310841218,0.039927048632499997,0.016344429658,0.030820963616999996,0.07162084309189999,0.07125195043869999,0.128314518514,273.643703642,0.048970848752100005,1622862603.31,,UGA,Uganda,UGA.9_1,Hoima,,,District,District,40,UG.HO,80.48594591074,84.50207423998,88.51820256922,92.53433089846,89.3474409734,89.3474409734,89.3474409734,89.3474409734,76.4698175815,89.3474409734,121.45235798,121.45235798,121.45235798,121.45235798,141.905307999,141.905307999,141.905307999,141.905307999,101.53083897816,106.51121872862001,111.49159847908001,116.47197822954,118.6288781014,124.4479855758,130.2670930502,136.0862005246
81,239.357018158,281.09595707200003,328.973541542,278.29040704700003,326.815177215,382.476018434,0.0956392785928,0.107935708865,0.107252674896,0.12091530934599999,0.11305933355900001,0.125355746558,0.133212016519,0.10178743752800001,0.116816417457,0.0874415724082,0.120915285407,0.09324828002350001,0.153364092559,92.65586371479999,0.172234895258,868038269.79,,UGA,Uganda,UGA.10_1,Iganga,,,District,District,20,UG.IN,247.7048059408,256.0525937236,264.40038150640004,272.7481692892,278.29040704700003,278.29040704700003,278.29040704700003,278.29040704700003,239.357018158,278.29040704700003,328.973541542,328.973541542,328.973541542,328.973541542,382.476018434,382.476018434,382.476018434,382.476018434,290.671473966,300.24699086000004,309.822507754,319.39802464800005,337.9473454588,349.0795137026,360.2116819464,371.34385019020004
82,463.944926502,527.411325197,597.340303399,558.130581385,634.455115189,718.547754785,2.58698584588,2.7271104975700005,2.25440110886,2.11744760995,2.00777519096,1.85024405401,1.6249376616,1.7323688865200002,1.5022479827500002,1.4857912174399999,1.8672347516699999,1.75030556625,2.24473978901,47.890256652299996,1.36059247614,229610852.824,,UGA,Uganda,UGA.11_1,Jinja,,,District,District,20,UG.JI,476.638206241,489.33148597999997,502.024765719,514.718045458,558.130581385,558.130581385,558.130581385,558.130581385,463.944926502,558.130581385,597.340303399,597.340303399,597.340303399,597.340303399,718.547754785,718.547754785,718.547754785,718.547754785,541.3971208374,555.3829164778,569.3687121182,583.3545077586,651.2736431082001,668.0921710274,684.9106989466001,701.7292268658
83,232.24450134900002,242.34899579,252.066099108,277.638824757,289.715945977,301.32607155,0.11994868319,0.139779360543,0.16251113755000002,0.197818894562,0.20410616853900002,0.175570054186,0.160576273912,0.118014580998,0.136877357827,0.158158266903,0.100118465403,0.14364822418,0.193377743653,211.52431494299998,0.183685077517,585777173.07,,UGA,Uganda,UGA.12_1,Kabale,,,District,District,22,UG.KA,234.26540023720003,236.2862991254,238.30719801360001,240.3280969018,277.638824757,277.638824757,277.638824757,277.638824757,232.24450134900002,277.638824757,252.066099108,252.066099108,252.066099108,252.066099108,301.32607155,301.32607155,301.32607155,301.32607155,244.2924164536,246.2358371172,248.17925778080001,250.1226784444,292.0379710916,294.3599962062,296.6820213208,299.00404643539997
84,168.178453374,181.808691132,195.87004177,195.931866512,211.810188246,228.190410661,0.133199802472,0.13458709064000002,0.131812321938,0.15539970140599998,0.20257483276000002,0.18962480439800003,0.162799847654,0.12672463229800002,0.0476374073733,0.138287184083,0.143837381612,0.08833727355519999,0.185924902575,195.27525449400002,0.08604226522399999,780903564.365,0.0,UGA,Uganda,UGA.13_1,Kabarole,,,District,District,13,UG.BR,170.9045009256,173.6305484772,176.3565960288,179.0826435804,195.931866512,195.931866512,195.931866512,195.931866512,168.178453374,195.931866512,195.87004177,195.87004177,195.87004177,195.87004177,228.190410661,228.190410661,228.190410661,228.190410661,184.6209612596,187.4332313872,190.2455015148,193.0577716424,215.086232729,218.36227721199998,221.638321695,224.914366178
85,75.9536936904,93.2875412924,114.164848083,92.73332859610001,113.893110854,139.37704448899999,0.0,0.0,0.0,0.0,0.0,0.0,0.0,0.0,0.0,0.0,0.0,0.0,0.0,97.9414316851,0.0262530263974,710325979.523,0.0,UGA,Uganda,UGA.14_1,Kaberamaido,,,District,District,21,UG.KD,79.4204632108,82.8872327312,86.3540022516,89.820771772,92.73332859610001,92.73332859610001,92.73332859610001,92.73332859610001,75.9536936904,92.73332859610001,114.164848083,114.164848083,114.164848083,114.164848083,139.37704448899999,139.37704448899999,139.37704448899999,139.37704448899999,97.46300265052,101.63846400864,105.81392536676,109.98938672487999,118.989897581,124.08668430799999,129.183471035,134.280257762
86,42.2428816286,58.217175384700006,79.9353911172,67.6945355326,93.28386333190001,128.071413142,0.0,0.0,0.0,0.0,0.0,0.0,0.0,0.0,0.0,0.0,0.0,0.0,0.0,108.38713843200001,0.0185750161335,128913352.8,,UGA,Uganda,UGA.15_1,Kalangala,,,District,District,10,UG.KN,45.437740379820006,48.63259913104,51.827457882260006,55.02231663348,67.6945355326,67.6945355326,67.6945355326,67.6945355326,42.2428816286,67.6945355326,79.9353911172,79.9353911172,79.9353911172,79.9353911172,128.071413142,128.071413142,128.071413142,128.071413142,62.560818531200006,66.9044616777,71.2481048242,75.5917479707,100.24137329392,107.19888325594,114.15639321796002,121.11390317998001
87,5114.40941622,6151.76474273,7372.04844407,6048.97931665,7275.85770708,8719.07674998,47.9050454893,45.9143594849,47.6823804491,49.9779471091,46.839769113900005,51.3260737279,47.62752599979999,46.6818003446,41.1745527972,38.4112810807,43.7462313812,47.59146718189999,29.7234475642,6.67200970497,37.9365295157,56787861.318,,UGA,Uganda,UGA.16_1,Kampala,,,District,District,10,UG.KM,5321.880481522,5529.351546824,5736.8226121259995,5944.293677428,6048.97931665,6048.97931665,6048.97931665,6048.97931665,5114.40941622,6048.97931665,7372.04844407,7372.04844407,7372.04844407,7372.04844407,8719.07674998,8719.07674998,8719.07674998,8719.07674998,6395.821482998,6639.878223266,6883.934963534,7127.991703802,7564.50151566,7853.14532424,8141.78913282,8430.4329414
88,153.095070876,180.20075255400002,211.32131592599998,187.90968829099998,221.16038450000002,259.334307699,0.02310235114,0.0246820206361,0.022115102746900005,0.0225099927477,0.0175736060489,0.0302108176352,0.0227074838683,0.0047389372934,0.0142168259788,0.00888552051595,0.0197456421354,0.00868808728657,0.0284337310508,114.786125095,0.0637247573058,1630021722.01,,UGA,Uganda,UGA.17_1,Kamuli,,,District,District,20,UG.KX,158.5162072116,163.93734354720002,169.3584798828,174.7796162184,187.90968829099998,187.90968829099998,187.90968829099998,187.90968829099998,153.095070876,187.90968829099998,211.32131592599998,211.32131592599998,211.32131592599998,211.32131592599998,259.334307699,259.334307699,259.334307699,259.334307699,186.42486522840002,192.6489779028,198.8730905772,205.09720325159998,228.7951691398,236.42995377960003,244.06473841940002,251.69952305920003
89,96.2933478166,108.06277411299999,120.825521112,113.093828606,126.915455529,141.90344975,0.0,0.0,0.0,0.0,0.0,0.0,0.0,0.0,0.0,0.0,0.0,0.0,0.0,203.00206210599998,0.0395341901668,930794570.1489999,0.0,UGA,Uganda,UGA.18_1,Kamwenge,,,District,District,41,UG.KE,98.64723307588,101.00111833516,103.35500359443999,105.70888885372,113.093828606,113.093828606,113.093828606,113.093828606,96.2933478166,113.093828606,120.825521112,120.825521112,120.825521112,120.825521112,141.90344975,141.90344975,141.90344975,141.90344975,110.61532351279999,113.16787291259999,115.7204223124,118.2729717122,129.9130543732,132.9106532174,135.9082520616,138.90585090579998
90,137.24097467200002,152.21470543200002,168.205662914,160.15715503299998,177.631543738,196.293089353,0.00972770903884,0.0,0.0,0.0,0.0,0.0,0.0,0.0,0.0,0.0,0.0,0.0,0.0,204.031275903,0.0517840391273,490923811.4,,UGA,Uganda,UGA.19_1,Kanungu,,,District,District,13,UG.UU,140.23572082400003,143.23046697600003,146.225213128,149.21995928,160.15715503299998,160.15715503299998,160.15715503299998,160.15715503299998,137.24097467200002,160.15715503299998,168.205662914,168.205662914,168.205662914,168.205662914,196.293089353,196.293089353,196.293089353,196.293089353,155.41289692840002,158.61108842480002,161.8092799212,165.0074714176,181.363852861,185.096161984,188.828471107,192.56078023
91,89.8432423369,110.73405511200001,135.991860456,104.429865976,128.712451236,158.071042938,0.0,0.0,0.0,0.0,0.0,0.0210574291689,0.0,0.0,0.0,0.0,0.0,0.0,0.014691190448799999,234.942070495,0.038649294778800004,725243182.092,,UGA,Uganda,UGA.20_1,Kapchorwa,,,District,District,20,UG.KP,94.02140489192,98.19956744694001,102.37773000196,106.55589255698001,104.429865976,104.429865976,104.429865976,104.429865976,89.8432423369,104.429865976,135.991860456,135.991860456,135.991860456,135.991860456,158.071042938,158.071042938,158.071042938,158.071042938,115.7856161808,120.8371772496,125.88873831840002,130.9402993872,134.5841695764,140.4558879168,146.3276062572,152.1993245976
92,138.200317109,165.071171075,196.44018811,162.538544822,194.138490802,231.02764390099998,0.210130017531,0.27253206663,0.24324138604200002,0.260790357701,0.275588717918,0.36675960021700005,0.208856452529,0.182876750889,0.153585836798,0.206818839608,0.19295781620400002,0.212931553881,0.301145358065,250.611946295,0.17245465892099998,1375838866.5,,UGA,Uganda,UGA.21_1,Kasese,,,District,District,11,UG.KS,143.5744879022,148.94865869539998,154.3228294886,159.6970002818,162.538544822,162.538544822,162.538544822,162.538544822,138.200317109,162.538544822,196.44018811,196.44018811,196.44018811,196.44018811,231.02764390099998,231.02764390099998,231.02764390099998,231.02764390099998,171.344974482,177.618777889,183.892581296,190.166384703,201.5163214218,208.8941520416,216.2719826614,223.64981328119998
93,47.5207419727,65.5516928874,91.00202312290001,55.94758457,77.07047851850001,106.85375777799999,0.0,0.0227205476486,0.0,0.0,0.00373054493794,0.0042387883462899996,0.0,0.0,0.0,0.0,0.0,0.0,0.0,172.520514342,0.0214699395798,2328616138.68,,UGA,Uganda,UGA.22_1,Katakwi,,,District,District,20,UG.KK,51.12693215564,54.733122338579996,58.33931252152,61.94550270446,55.94758457,55.94758457,55.94758457,55.94758457,47.5207419727,55.94758457,91.00202312290001,91.00202312290001,91.00202312290001,91.00202312290001,106.85375777799999,106.85375777799999,106.85375777799999,106.85375777799999,70.6417589345,75.7318249816,80.82189102870001,85.91195707580002,83.0271343704,88.9837902223,94.9404460742,100.89710192609999
94,155.606764156,171.658445626,188.667151126,183.557084323,202.522058415,222.623813372,0.0134184501798,0.0124244551452,0.08051051827899999,0.150585043329,0.0680861072225,0.170961560329,0.0521827589085,0.021867031326700002,0.0,0.0198791274165,0.0392613008867,0.0,0.0715649850555,148.017292425,0.0628713110607,626298312.321,,UGA,Uganda,UGA.23_1,Kayunga,,,District,District,11,UG.KY,158.81710045,162.027436744,165.237773038,168.448109332,183.557084323,183.557084323,183.557084323,183.557084323,155.606764156,183.557084323,188.667151126,188.667151126,188.667151126,188.667151126,222.623813372,222.623813372,222.623813372,222.623813372,175.060186726,178.461927826,181.863668926,185.26541002599998,206.5424094064,210.5627603978,214.5831113892,218.6034623806
95,76.91695843720001,99.5020442676,128.245932028,89.5856638086,115.890651976,149.368826396,0.0,0.0,0.0,0.0,0.0,0.0,0.0,0.0,0.0,0.0,0.0,0.0,0.0,256.43990283799997,0.023550775621,1751650875.52,,UGA,Uganda,UGA.24_1,Kibale,Kibaale,,District,District,10,UG.KI,81.43397560328,85.95099276936,90.46800993544,94.98502710152,89.5856638086,89.5856638086,89.5856638086,89.5856638086,76.91695843720001,89.5856638086,128.245932028,128.245932028,128.245932028,128.245932028,149.368826396,149.368826396,149.368826396,149.368826396,105.25082181968,110.99959937176,116.74837692384,122.49715447592,122.58628686,129.281921744,135.977556628,142.67319151200002
96,46.847884476000004,57.5898638955,70.5365388237,54.446703611400004,66.9310584353,81.9777170808,0.0,0.0,0.0,0.0075727741741700005,0.00841420575138,0.023770147782799997,0.0,0.0,0.0,0.0,0.0,0.0,0.0126213152094,262.782666439,0.0201475285394,1590802483.83,0.0,UGA,Uganda,UGA.25_1,Kiboga,,,District,District,10,UG.KG,48.996280359900005,51.144676243800006,53.2930721277,55.4414680116,54.446703611400004,54.446703611400004,54.446703611400004,54.446703611400004,46.847884476000004,54.446703611400004,70.5365388237,70.5365388237,70.5365388237,70.5365388237,81.9777170808,81.9777170808,81.9777170808,81.9777170808,60.17919888114,62.768533866780004,65.35786885242,67.94720383806,69.9403901644,72.9497218935,75.95905362260001,78.96838535170001
97,265.34363956,285.038831107,305.144499382,319.840436909,343.579887546,367.811073479,0.0305617263695,0.0,0.0,0.0963869780383,0.088158612147,0.0693515307776,0.0446670443101,0.0,0.0,0.0622990108344,0.0282108419257,0.0493688704538,0.122246618748,334.690363832,0.104081850167,254334065.54099998,0.0,UGA,Uganda,UGA.26_1,Kisoro,,,District,District,40,UG.KR,269.2826778694,273.2217161788,277.1607544882,281.0997927976,319.840436909,319.840436909,319.840436909,319.840436909,265.34363956,319.840436909,305.144499382,305.144499382,305.144499382,305.144499382,367.811073479,367.811073479,367.811073479,367.811073479,289.059964762,293.081098417,297.102232072,301.123365727,348.4261247326,353.2723619192,358.1185991058,362.96483629240004
98,24.370525879699997,29.7026664745,36.093124034,28.370316573,34.5775999262,42.0169100217,0.00373951089466,0.0226143257968,0.00890350927331,0.010951339631299998,0.0,0.008102172820380001,0.006499586552949999,0.0,0.0037394571568699995,0.0079241016252,0.0,0.0,0.007300949785600001,445.833540335,0.0123522816144,5693014202.95,,UGA,Uganda,UGA.27_1,Kitgum,,,District,District,12,UG.TG,25.436953998659998,26.50338211762,27.569810236579997,28.636238355539998,28.370316573,28.370316573,28.370316573,28.370316573,24.370525879699997,28.370316573,36.093124034,36.093124034,36.093124034,36.093124034,42.0169100217,42.0169100217,42.0169100217,42.0169100217,30.9807579864,32.2588494983,33.536941010199996,34.8150325221,36.0654619453,37.5533239644,39.0411859835,40.5290480026
99,22.5537361637,30.099024848200003,40.381618368299996,26.2515123397,35.0347237542,47.0044055481,0.0,0.0,0.0,0.0,0.0,0.0,0.0,0.0,0.0,0.0,0.0,0.0,0.0,443.02334110699996,0.0152122811092,7710841618.67,,UGA,Uganda,UGA.28_1,Kotido,,,District,District,12,UG.KF,24.0627939006,25.5718516375,27.0809093744,28.589967111300002,26.2515123397,26.2515123397,26.2515123397,26.2515123397,22.5537361637,26.2515123397,40.381618368299996,40.381618368299996,40.381618368299996,40.381618368299996,47.0044055481,47.0044055481,47.0044055481,47.0044055481,32.15554355222,34.21206225624,36.268580960259996,38.325099664279996,37.428660112980005,39.82259647176,42.216532830540004,44.61046918932
100,115.91962183700001,143.48698770299998,176.965599803,138.619090729,171.600927089,211.659116115,0.0,0.010447259526299999,0.0,0.0130293108627,0.010447190441700002,0.0179095243431,0.0,0.0,0.0,0.0,0.0,0.0,0.0,135.92000546,0.0493276592351,1177538810.27,,UGA,Uganda,UGA.29_1,Kumi,,,District,District,20,UG.KU,121.4330950102,126.9465681834,132.4600413566,137.97351452979998,138.619090729,138.619090729,138.619090729,138.619090729,115.91962183700001,138.619090729,176.965599803,176.965599803,176.965599803,176.965599803,211.659116115,211.659116115,211.659116115,211.659116115,150.182710123,156.878432543,163.574154963,170.269877383,179.6125648942,187.6242026994,195.6358405046,203.6474783098
101,76.6526582532,91.8917308629,109.761005641,89.07862102930001,106.788061901,127.55408285799999,0.0,0.0,0.0,0.0,0.0,0.008505773248470001,0.010787794811599999,0.0,0.0,0.0,0.0,0.0,0.0,276.519000003,0.029995232949700003,1626531991.09,,UGA,Uganda,UGA.30_1,Kyenjojo,,,District,District,41,UG.KJ,79.70047277514,82.74828729708,85.79610181902001,88.84391634096,89.07862102930001,89.07862102930001,89.07862102930001,89.07862102930001,76.6526582532,89.07862102930001,109.761005641,109.761005641,109.761005641,109.761005641,127.55408285799999,127.55408285799999,127.55408285799999,127.55408285799999,95.46558581852,99.03944077414,102.61329572976,106.18715068538,110.9412660924,115.09447028379999,119.2476744752,123.4008786666
102,19.534333100999998,24.347277211399998,30.3016456486,76.6175683736,95.5528906543,118.98845509700001,0.0,0.0,0.0,0.0,0.0,0.0,0.0,0.0,0.0,0.0,0.00323512511888,0.000573713479216,0.013373359132900001,221.87644130599998,0.000670034751275,1502981154.17,,UGA,Uganda,UGA.31_1,Lake Albert,,,Water body,Water body,,,20.49692192308,21.45951074516,22.422099567239997,23.384688389319997,76.6175683736,76.6175683736,76.6175683736,76.6175683736,19.534333100999998,76.6175683736,30.3016456486,30.3016456486,30.3016456486,30.3016456486,118.98845509700001,118.98845509700001,118.98845509700001,118.98845509700001,25.538150898839998,26.729024586279998,27.91989827372,29.11077196116,100.24000354284,104.92711643138,109.61422931992001,114.30134220846001
103,52.6446969771,63.151748983599994,75.7361746274,235.048799347,281.950727232,338.27192921,0.0376308450006,0.0292521983692,0.0375462973792,0.045647321648699994,0.07417703536939999,0.0662088581779,0.04218922088359999,0.028825639041300002,0.034648582723400004,0.032155795603200005,0.038401679313300005,0.03793347113869999,0.046664978606199996,212.683259475,0.011099886229700002,6989198407.4,,UGA,Uganda,UGA.32_1,Lake Victoria,,,Water body,Water body,,,54.7461073784,56.8475177797,58.948928181,61.05033858229999,235.048799347,235.048799347,235.048799347,235.048799347,52.6446969771,235.048799347,75.7361746274,75.7361746274,75.7361746274,75.7361746274,338.27192921,338.27192921,338.27192921,338.27192921,65.66863411236,68.18551924112,70.70240436988,73.21928949864,293.2149676276,304.4792080232,315.74344841879997,327.0076888144
104,94.7190696869,111.501611183,130.794644815,113.193792573,133.204481816,156.200423691,0.0444883557946,0.097078646035,0.07242569980750001,0.058338852472699994,0.05223576390319999,0.0795854079935,0.061039554262300004,0.0370929593482,0.0219506018299,0.052117953613099996,0.0475401576399,0.06021790767869999,0.05845716910090001,181.699529238,0.0476706289988,3402297353.01,0.0,UGA,Uganda,UGA.33_1,Lira,,,District,District,30,UG.LA,98.07557798612,101.43208628533999,104.78859458456,108.14510288378,113.193792573,113.193792573,113.193792573,113.193792573,94.7190696869,113.193792573,130.794644815,130.794644815,130.794644815,130.794644815,156.200423691,156.200423691,156.200423691,156.200423691,115.36021790939999,119.21882463579999,123.0774313622,126.9360380886,137.803670191,142.402858566,147.002046941,151.601235316
105,71.20675393350001,81.7171041564,93.46080226129999,82.7541439476,94.9689779926,108.617185159,0.04124402927219999,0.0649405214592,0.045958802545199996,0.07530126665749999,0.0772516965907,0.109977694129,0.0550121704483,0.00243742809274,0.005998645363350001,0.0380188919479,0.0299000423067,0.025404846976099998,0.0814179291659,182.365155802,0.0410116962218,2135811853.49,0.0,UGA,Uganda,UGA.34_1,Luwero,Luweero,,District,District,10,UG.LW,73.30882397808001,75.41089402266,77.51296406724,79.61503411182,82.7541439476,82.7541439476,82.7541439476,82.7541439476,71.20675393350001,82.7541439476,93.46080226129999,93.46080226129999,93.46080226129999,93.46080226129999,108.617185159,108.617185159,108.617185159,108.617185159,84.06584377738,86.41458339836,88.76332301933999,91.11206264031999,97.69861942588,100.42826085916,103.15790229244,105.88754372572001
106,186.546939248,196.01761017099997,205.21633869,217.95913960099998,229.024955128,239.772984348,0.329379727756,0.294971040198,0.35762675271899996,0.48805342263000007,0.552107230894,0.48596795797799996,0.27811076366500004,0.214850799512,0.190718107852,0.338742566665,0.253664398069,0.268050068541,0.39711766942500004,87.4146104527,0.211367132672,1049490994.86,,UGA,Uganda,UGA.35_1,Masaka,,,District,District,10,UG.MA,188.4410734326,190.33520761719998,192.2293418018,194.12347598639997,217.95913960099998,217.95913960099998,217.95913960099998,217.95913960099998,186.546939248,217.95913960099998,205.21633869,205.21633869,205.21633869,205.21633869,239.772984348,239.772984348,239.772984348,239.772984348,197.85735587479996,199.69710157859998,201.53684728239998,203.3765929862,231.174560972,233.324166816,235.47377265999998,237.623378504
107,42.8630163375,54.612312357600004,69.47621030100001,50.1117252701,63.829825867299995,81.1813421505,0.00646528956718,0.0140081937614,0.0242939833627,0.0249797487482,0.0112653848625,0.023020572507599996,0.025077773356099998,0.00274283996653,0.0092081067845,0.019102017415599998,0.0134204437215,0.0166531218135,0.043592325474699996,338.235560936,0.0238772800243,4067028743.56,,UGA,Uganda,UGA.36_1,Masindi,,,District,District,11,UG.MC,45.21287554152,47.56273474554,49.912593949560005,52.262453153580005,50.1117252701,50.1117252701,50.1117252701,50.1117252701,42.8630163375,50.1117252701,69.47621030100001,69.47621030100001,69.47621030100001,69.47621030100001,81.1813421505,81.1813421505,81.1813421505,81.1813421505,57.58509194628,60.55787153496001,63.530651123640006,66.50343071232001,67.30012912394,70.77043238057999,74.24073563722,77.71103889386
