gpw_v4_count.2000.mean,gpw_v4_count.2005.mean,gpw_v4_count.2010.mean,gpw_v4_density.2000.mean,gpw_v4_density.2005.mean,gpw_v4_density.2010.mean,v4composites_calibrated_201709.1998.mean,v4composites_calibrated_201709.1999.mean,v4composites_calibrated_201709.2000.mean,v4composites_calibrated_201709.2001.mean,v4composites_calibrated_201709.2002.mean,v4composites_calibrated_201709.2003.mean,v4composites_calibrated_201709.2004.mean,v4composites_calibrated_201709.2005.mean,v4composites_calibrated_201709.2006.mean,v4composites_calibrated_201709.2007.mean,v4composites_calibrated_201709.2008.mean,v4composites_calibrated_201709.2009.mean,v4composites_calibrated_201709.2010.mean,v4composites_calibrated_201709.1998.max,v4composites_calibrated_201709.1999.max,v4composites_calibrated_201709.2000.max,v4composites_calibrated_201709.2001.max,v4composites_calibrated_201709.2002.max,v4composites_calibrated_201709.2003.max,v4composites_calibrated_201709.2004.max,v4composites_calibrated_201709.2005.max,v4composites_calibrated_201709.2006.max,v4composites_calibrated_201709.2007.max,v4composites_calibrated_201709.2008.max,v4composites_calibrated_201709.2009.max,v4composites_calibrated_201709.2010.max,v4composites_calibrated_201709.1998.min,v4composites_calibrated_201709.1999.min,v4composites_calibrated_201709.2000.min,v4composites_calibrated_201709.2001.min,v4composites_calibrated_201709.2002.min,v4composites_calibrated_201709.2003.min,v4composites_calibrated_201709.2004.min,v4composites_calibrated_201709.2005.min,v4composites_calibrated_201709.2006.min,v4composites_calibrated_201709.2007.min,v4composites_calibrated_201709.2008.min,v4composites_calibrated_201709.2009.min,v4composites_calibrated_201709.2010.min,accessibility_map.na.mean,gdp_grid.na.mean,diamond_distance_201708.na.sum,onshore_petroleum_v12.na.sum,GID_0,NAME_0,GID_1,NAME_1,VARNAME_1,NL_NAME_1,TYPE_1,ENGTYPE_1,CC_1,HASC_1
244.082634255,277.198256003,317.666940939,284.10179638,322.646063479,369.748772417,0.0992806194603,0.0,0.0743401813681,0.0564678235198,0.0,0.0,0.0,0.0463652435136,0.530425948364,0.0815533072938,0.062460495201,0.0206754791986,0.0895413997626,9.0,0.0,7.0,6.0,0.0,0.0,0.0,8.0,23.0,10.0,9.0,8.0,6.0,0.0,0.0,0.0,0.0,0.0,0.0,0.0,0.0,0.0,0.0,0.0,0.0,0.0,212.810028354,0.18992684925,317161083.581,NA,BDI,Burundi,BDI.1_1,Bubanza,,,Province,Province,003BDI001,BI.BB
2128.37137484,2833.52862718,3794.80469753,2593.10602442,3452.39131349,4623.80387249,14.6328580653,15.0923097559,14.6253488093,12.7885317083,12.1215354609,13.7239730076,13.1865849711,13.6242529791,15.7976606887,15.0921618746,14.1792107694,15.9515506067,13.6706087426,63.0,63.0,61.0,56.0,48.0,62.0,59.0,58.0,56.0,51.0,48.0,57.0,34.0,0.0,0.0,0.0,0.0,0.0,0.0,0.0,0.0,0.0,0.0,0.0,0.0,0.0,16.3421636897,4.15002779587,61199364.4488,0.0,BDI,Burundi,BDI.2_1,Bujumbura Mairie,,,Province,Province,003BDI017,BI.BM
338.065649122,404.808148142,487.816116436,405.294256884,485.891150099,586.301318834,0.390510948303,0.254464710355,0.524083873018,0.413458006383,0.638563545442,0.367185376512,0.357056782225,0.249478015857,0.573942947262,0.499284621368,0.526085499872,0.514253555835,0.718376489996,48.0,29.0,41.0,39.0,38.0,38.0,40.0,26.0,25.0,33.0,36.0,44.0,26.0,0.0,0.0,0.0,0.0,0.0,0.0,0.0,0.0,0.0,0.0,0.0,0.0,0.0,99.8422320666,0.200096751277,462984456.16,NA,BDI,Burundi,BDI.3_1,Bujumbura Rural,Usumbura,,Province,Province,003BDI002,BI.BU
161.940228618,195.696028717,239.492588214,192.682330988,233.568501858,286.800498817,0.0162140969029,0.0184128293104,0.0327031933257,0.0327033065356,0.020885718136,0.0307793825589,0.0318785605702,0.0145654465972,0.0258329249112,0.026932027876,0.0263822948905,0.0164888636631,0.0541383322008,6.0,7.0,8.0,5.0,6.0,6.0,7.0,7.0,7.0,6.0,7.0,6.0,7.0,0.0,0.0,0.0,0.0,0.0,0.0,0.0,0.0,0.0,0.0,0.0,0.0,0.0,185.727777918,0.0275420434316,871219800.837,NA,BDI,Burundi,BDI.4_1,Bururi,,,Province,Province,003BDI003,BI.BR
82.1946451294,100.054357612,122.863138085,95.6615158511,116.447277753,142.992947763,0.0,0.0,0.0,0.0,0.0,0.0,0.0,0.0,0.0,0.0,0.0171975087131,0.0,0.0646401402938,0.0,0.0,0.0,0.0,0.0,0.0,0.0,0.0,0.0,0.0,8.0,0.0,6.0,0.0,0.0,0.0,0.0,0.0,0.0,0.0,0.0,0.0,0.0,0.0,0.0,0.0,180.581723488,0.0153215526406,368511915.929,NA,BDI,Burundi,BDI.5_1,Cankuzo,,,Province,Province,003BDI004,BI.CA
217.681898292,250.152627133,290.021296159,253.434702337,291.248281116,337.678812141,0.015936881929,0.0129949089878,0.0,0.0315695336428,0.0,0.0,0.0,0.0401693077167,0.16460786644,0.0,0.0,0.0,0.0950493940416,6.0,6.0,0.0,5.0,0.0,0.0,0.0,7.0,12.0,0.0,0.0,0.0,8.0,0.0,0.0,0.0,0.0,0.0,0.0,0.0,0.0,0.0,0.0,0.0,0.0,0.0,247.575907547,0.0799708594544,502643668.543,0.0,BDI,Burundi,BDI.6_1,Cibitoke,,,Province,Province,003BDI005,BI.CI
290.906567252,328.179700305,373.420342636,338.665493769,382.057406392,434.724746339,0.204401122211,0.223714621304,0.198293120637,0.186525516049,0.205007924606,0.171065032849,0.164612352062,0.11523040719,0.201541232736,0.210327511291,0.17306513578,0.205097970307,0.260728275144,9.0,10.0,10.0,9.0,9.0,10.0,11.0,11.0,14.0,12.0,11.0,14.0,13.0,0.0,0.0,0.0,0.0,0.0,0.0,0.0,0.0,0.0,0.0,0.0,0.0,0.0,86.4145626108,0.101915069539,475179113.635,NA,BDI,Burundi,BDI.7_1,Gitega,Kitega,,Province,Province,003BDI006,BI.GI
240.100270636,268.230654943,303.495637188,279.419707077,312.158175121,353.200041988,0.0,0.0,0.0,0.0,0.0,0.0,0.0,0.0,0.0,0.0,0.0,0.0,0.0395604295591,0.0,0.0,0.0,0.0,0.0,0.0,0.0,0.0,0.0,0.0,0.0,0.0,6.0,0.0,0.0,0.0,0.0,0.0,0.0,0.0,0.0,0.0,0.0,0.0,0.0,0.0,122.745325036,0.0404275348442,335234566.527,NA,BDI,Burundi,BDI.8_1,Karuzi,Karusi,,Province,Province,003BDI007,BI.KR
346.572448796,411.723944071,499.354845501,403.466305219,479.307974464,581.315929334,0.0463544370806,0.0260769550826,0.0408124692691,0.0592140932829,0.0365162820605,0.0,0.0214802481709,0.0,0.0,0.0293565399119,0.0300722388997,0.0386642454462,0.078760792467,6.0,6.0,6.0,5.0,6.0,0.0,6.0,0.0,0.0,6.0,6.0,6.0,7.0,0.0,0.0,0.0,0.0,0.0,0.0,0.0,0.0,0.0,0.0,0.0,0.0,0.0,168.481094197,0.0638372536726,331215798.844,NA,BDI,Burundi,BDI.9_1,Kayanza,,,Province,Province,003BDI008,BI.KY
262.329138776,309.005626566,367.815993239,320.814051648,378.600882094,451.474612325,0.0,0.0,0.0,0.0,0.0,0.0,0.0118923078749,0.0,0.0,0.0,0.0,0.0,0.0517867121479,0.0,0.0,0.0,0.0,0.0,0.0,8.0,0.0,0.0,0.0,0.0,0.0,6.0,0.0,0.0,0.0,0.0,0.0,0.0,0.0,0.0,0.0,0.0,0.0,0.0,0.0,223.586914906,0.0425876176525,446397440.293,NA,BDI,Burundi,BDI.10_1,Kirundo,,,Province,Province,003BDI009,BI.KI
165.045539747,190.664211435,223.546857109,194.8445636,225.489411171,264.873902469,0.0,0.0,0.00190495819311,0.0,0.0,0.0,0.0,0.0,0.0,0.00828149736088,0.00993771327134,0.0271632054881,0.0721342593575,0.0,0.0,5.0,0.0,0.0,0.0,0.0,0.0,0.0,5.0,6.0,7.0,7.0,0.0,0.0,0.0,0.0,0.0,0.0,0.0,0.0,0.0,0.0,0.0,0.0,0.0,228.467030265,0.0222461308848,688781073.848,NA,BDI,Burundi,BDI.11_1,Makamba,,,Province,Province,003BDI010,BI.MA
333.695415623,377.556931459,430.266043942,388.400239226,439.452555219,500.802983843,0.0,0.0,0.0,0.0,0.0,0.0,0.0,0.0,0.0,0.0,0.0,0.0,0.0,0.0,0.0,0.0,0.0,0.0,0.0,0.0,0.0,0.0,0.0,0.0,0.0,0.0,0.0,0.0,0.0,0.0,0.0,0.0,0.0,0.0,0.0,0.0,0.0,0.0,0.0,156.543697376,0.0435253345289,184244085.214,NA,BDI,Burundi,BDI.12_1,Muramvya,Muramviya,,Province,Province,003BDI011,BI.MV
239.679770531,287.11695469,357.213783537,279.432314811,334.950600997,417.042365121,0.0183885748891,0.0,0.0245160506906,0.0301763229942,0.0297045604404,0.0188601091913,0.0140561778058,0.0,0.0,0.0212176309664,0.0282901177658,0.0490362857225,0.0796837695324,6.0,0.0,7.0,5.0,6.0,6.0,7.0,0.0,0.0,5.0,6.0,7.0,7.0,0.0,0.0,0.0,0.0,0.0,0.0,0.0,0.0,0.0,0.0,0.0,0.0,0.0,156.094024227,0.0425436550575,409583971.265,NA,BDI,Burundi,BDI.13_1,Muyinga,Muhinga,,Province,Province,003BDI012,BI.MY
248.558492418,285.633756897,330.360064572,289.36844273,332.531444328,384.601846346,0.0185611922823,0.018981669002,0.0123057690287,0.00696303438294,0.00902419342165,0.00851149380052,0.0,0.0,0.0,0.000717840014336,0.0,0.0,0.0145208105081,9.0,7.0,6.0,6.0,6.0,6.0,0.0,0.0,0.0,5.0,0.0,0.0,6.0,0.0,0.0,0.0,0.0,0.0,0.0,0.0,0.0,0.0,0.0,0.0,0.0,0.0,135.096841013,0.0416117751835,220382554.374,NA,BDI,Burundi,BDI.14_1,Mwaro,,,Province,Province,003BDI013,BI.MW
372.867765252,408.080931285,459.72841674,433.836953438,474.809557413,534.904084755,0.102286152467,0.101083333784,0.131769140658,0.101083165298,0.10770073852,0.0986760948086,0.138387010108,0.0860417095208,0.110108867741,0.101083111757,0.13959036447,0.135378511787,0.188326210984,9.0,9.0,8.0,8.0,7.0,9.0,10.0,8.0,9.0,8.0,9.0,9.0,9.0,0.0,0.0,0.0,0.0,0.0,0.0,0.0,0.0,0.0,0.0,0.0,0.0,0.0,117.149643038,0.0929560854568,366798567.309,NA,BDI,Burundi,BDI.15_1,Ngozi,,,Province,Province,003BDI014,BI.NG
119.581379416,147.257800608,184.778257291,139.274586523,171.50979565,215.210539865,0.0297373600574,0.0388874615133,0.0530010985682,0.0370574765991,0.0164698160906,0.0155548939475,0.0164698348287,0.0,0.0,0.0182998710768,0.0,0.0,0.0811457961161,6.0,7.0,7.0,6.0,6.0,6.0,6.0,0.0,0.0,5.0,0.0,0.0,6.0,0.0,0.0,0.0,0.0,0.0,0.0,0.0,0.0,0.0,0.0,0.0,0.0,0.0,166.533965355,0.0200954340053,431591815.585,0.0,BDI,Burundi,BDI.16_1,Rutana,,,Province,Province,003BDI015,BI.RT
121.646882828,147.279407503,181.225394464,141.631798817,171.478082587,211.004814177,0.0,0.0,0.0,0.0,0.0,0.0,0.0143101959322,0.0,0.0,0.0112975597858,0.0323863646022,0.0369035689516,0.080212380628,0.0,0.0,0.0,0.0,0.0,0.0,7.0,0.0,0.0,5.0,7.0,8.0,7.0,0.0,0.0,0.0,0.0,0.0,0.0,0.0,0.0,0.0,0.0,0.0,0.0,0.0,171.130848868,0.0209500433918,482298511.805,NA,BDI,Burundi,BDI.17_1,Ruyigi,,,Province,Province,003BDI016,BI.RY
4.13057793222,4.76915387177,5.47903612087,4.83110336883,5.57782344344,6.40793653945,0.0,0.0,0.0,0.0,0.0,0.0,0.000734641543403,0.0,0.000148960648024,0.000819932858046,0.0,0.000378537553353,0.000809249964448,0.0,0.0,0.0,0.0,0.0,0.0,7.0,0.0,8.0,8.0,0.0,6.0,6.0,0.0,0.0,0.0,0.0,0.0,0.0,0.0,0.0,0.0,0.0,0.0,0.0,0.0,757.583887794,0.000972638932437,18119942939.9,NA,COD,Democratic Republic of the Congo,COD.1_1,Bas-Uélé,,,Province,Province,,CD.BU
10.0726859443,11.4869809248,13.0345298007,12.0025854184,13.6881544924,15.5328924095,0.00276590034716,0.00133901454804,0.00113816243255,0.00107958046717,0.00232686609174,0.00291235697835,0.00340558403741,0.00293883362389,0.00265481291474,0.00250561653233,0.00444822594661,0.00451462522692,0.00467645475325,9.0,9.0,7.0,6.0,7.0,9.0,10.0,8.0,9.0,8.0,10.0,13.0,11.0,0.0,0.0,0.0,0.0,0.0,0.0,0.0,0.0,0.0,0.0,0.0,0.0,0.0,622.520376452,0.00194919739908,28046090976.9,0.0,COD,Democratic Republic of the Congo,COD.2_1,Équateur,,,Province,Province,,CD.ET
13.6094445823,19.8975789969,28.9622747921,16.1668370508,23.6328967884,34.3956862336,0.0914844672314,0.0963946970852,0.100372203348,0.106567827227,0.104628191492,0.102685060643,0.0916568593023,0.0945826013626,0.100243155292,0.104650483049,0.128833050289,0.133991927548,0.128467010001,63.0,63.0,63.0,63.0,60.0,63.0,63.0,63.0,63.0,57.0,62.0,63.0,35.0,0.0,0.0,0.0,0.0,0.0,0.0,0.0,0.0,0.0,0.0,0.0,0.0,0.0,530.075591078,0.0146940290444,23776050534.1,NA,COD,Democratic Republic of the Congo,COD.3_1,Haut-Katanga,,,Province,Province,,CD.HK
11.4391785704,16.7501294924,24.4065277348,13.5471936215,19.836977869,28.9045123753,0.00404333248678,0.00548918524717,0.00552149671788,0.00542306299788,0.00501026038214,0.00572246656827,0.00872090497984,0.0044771836515,0.00551225744495,0.00687992139134,0.0057375737078,0.0111605445685,0.00833817131519,11.0,11.0,10.0,10.0,10.0,12.0,14.0,11.0,11.0,11.0,10.0,20.0,11.0,0.0,0.0,0.0,0.0,0.0,0.0,0.0,0.0,0.0,0.0,0.0,0.0,0.0,343.248932538,0.00242780902131,15920211127.1,0.0,COD,Democratic Republic of the Congo,COD.4_1,Haut-Lomami,,,Province,Province,,CD.HL
9.41443447812,10.8734774377,12.4955951727,10.9598565086,12.6584095952,14.5468071048,0.0,0.0011496741284,0.0,0.000298981161934,0.0,0.0,0.0012712667706,0.000906841746313,0.00291656616463,0.00086944790447,0.000785307812224,0.00128963063093,0.00200034565311,0.0,9.0,0.0,7.0,0.0,0.0,10.0,7.0,15.0,6.0,6.0,14.0,7.0,0.0,0.0,0.0,0.0,0.0,0.0,0.0,0.0,0.0,0.0,0.0,0.0,0.0,376.043098746,0.00292686360105,33020620591.8,0.0,COD,Democratic Republic of the Congo,COD.5_1,Haut-Uélé,,,Province,Province,,CD.HU
40.1702462124,46.3966330183,53.3203939097,46.9412263241,54.2170785954,62.3078355949,0.00518766880207,0.00359851512975,0.00500384758523,0.00572398609072,0.00324403071335,0.00608091204828,0.0143283905804,0.0101260840998,0.0132644562157,0.0140638280068,0.0123188394432,0.0124757362274,0.0175124601063,12.0,10.0,12.0,9.0,8.0,12.0,19.0,19.0,23.0,22.0,20.0,22.0,22.0,0.0,0.0,0.0,0.0,0.0,0.0,0.0,0.0,0.0,0.0,0.0,0.0,0.0,433.173113375,0.00871071401435,29739823512.9,NA,COD,Democratic Republic of the Congo,COD.6_1,Ituri,,,Province,Province,,CD.IT
16.3641661973,21.271185824,27.5100712527,19.2094792108,24.9687964673,32.2912446753,0.00294787106476,0.00139688219141,0.00144078336304,0.00134414658706,0.00189132018701,0.00271777323787,0.00401967409402,0.00562894500707,0.00424730966757,0.00503823271658,0.00584064473204,0.00405713231492,0.0064496047221,8.0,7.0,7.0,6.0,6.0,8.0,11.0,11.0,11.0,8.0,9.0,8.0,11.0,0.0,0.0,0.0,0.0,0.0,0.0,0.0,0.0,0.0,0.0,0.0,0.0,0.0,406.91004845,0.00363461074779,6469693361.44,NA,COD,Democratic Republic of the Congo,COD.9_1,Kasaï,,,Province,Province,,CD.KS
31.6590328443,41.1519371496,53.2237121887,37.0698398012,48.1851596038,62.320086623,0.00571197451673,0.00365925370175,0.00196349976619,0.00218661856911,0.00629197652674,0.0078985318914,0.0101892408564,0.00873172576217,0.00764575915687,0.00678301309056,0.0119443916079,0.0112899080491,0.0103082461974,11.0,7.0,6.0,7.0,11.0,12.0,14.0,11.0,12.0,10.0,15.0,14.0,12.0,0.0,0.0,0.0,0.0,0.0,0.0,0.0,0.0,0.0,0.0,0.0,0.0,0.0,313.865959852,0.00731411550073,3244939841.6,NA,COD,Democratic Republic of the Congo,COD.7_1,Kasaï-Central,,,Province,Province,,CD.LL
206.391737826,243.050552373,284.785329148,241.305793363,284.165992836,332.960844959,0.161966416373,0.131815888148,0.138210318868,0.131731701505,0.15257334742,0.197582218489,0.201577175948,0.266037200538,0.196273098107,0.0987589699755,0.0857176775449,0.129240495074,0.126416384136,32.0,29.0,28.0,30.0,26.0,32.0,40.0,46.0,39.0,21.0,19.0,23.0,23.0,0.0,0.0,0.0,0.0,0.0,0.0,0.0,0.0,0.0,0.0,0.0,0.0,0.0,151.491346728,0.0521841293189,244494869.55,NA,COD,Democratic Republic of the Congo,COD.8_1,Kasaï-Oriental,,,Province,Province,,CD.KO
417.689847002,441.786357988,464.908963588,502.646754472,531.970829102,560.081819813,2.1421038012,1.99453937696,2.15288447013,2.29937312265,2.17691901319,2.27498939202,2.37943628372,2.1612734388,2.02704964761,1.76726518319,1.93599404948,2.08600790727,1.52786145901,63.0,63.0,63.0,63.0,60.0,63.0,63.0,63.0,63.0,58.0,63.0,63.0,35.0,0.0,0.0,0.0,0.0,0.0,0.0,0.0,0.0,0.0,0.0,0.0,0.0,0.0,331.808992635,0.444353201264,1364281833.85,NA,COD,Democratic Republic of the Congo,COD.10_1,Kinshasa,,,Province,Province,,CD.KN
47.3540274448,45.6219522218,43.7923287724,56.0391789487,53.987735514,51.8204533303,0.387185579263,0.403883707232,0.375747969387,0.396045373297,0.383791051078,0.403212378986,0.41662789715,0.404158252402,0.389510327548,0.331435859644,0.348051300533,0.296870804037,0.301147851784,63.0,63.0,63.0,63.0,59.0,63.0,63.0,63.0,63.0,56.0,61.0,63.0,34.0,0.0,0.0,0.0,0.0,0.0,0.0,0.0,0.0,0.0,0.0,0.0,0.0,0.0,296.899827129,0.0428630853468,8737742456.12,983.6000001728535,COD,Democratic Republic of the Congo,COD.11_1,Kongo-Central,,,Province,Province,,CD.BC
14.9044688401,15.7850500655,16.6335208108,17.4516834809,18.4825845988,19.475850174,0.00079994033184,0.0,0.000583715992905,0.0,0.0,0.000188694619577,0.0,0.000340388330539,0.0,0.0,0.00033858898239,0.00113477481117,0.000234948306572,8.0,0.0,6.0,0.0,0.0,5.0,0.0,6.0,0.0,0.0,9.0,8.0,7.0,0.0,0.0,0.0,0.0,0.0,0.0,0.0,0.0,0.0,0.0,0.0,0.0,0.0,554.462647926,0.00264594149198,7820461289.38,NA,COD,Democratic Republic of the Congo,COD.12_1,Kwango,,,Province,Province,,CD.KG
32.1953562662,34.101875417,35.9406245497,37.973244129,40.2225492318,42.3921417553,0.00190830728729,0.00182936111044,0.00260034050738,0.0015884278373,0.0028756479919,0.00418587001679,0.00577872848222,0.00774504350947,0.00879938095927,0.00828560021555,0.0129189808189,0.0140127449633,0.0147753703019,9.0,6.0,9.0,9.0,9.0,12.0,14.0,15.0,19.0,16.0,21.0,25.0,23.0,0.0,0.0,0.0,0.0,0.0,0.0,0.0,0.0,0.0,0.0,0.0,0.0,0.0,284.96699245,0.00835623231416,4709461329.28,NA,COD,Democratic Republic of the Congo,COD.13_1,Kwilu,,,Province,Province,,CD.KU
28.6444386147,33.7405859695,39.5463965373,33.5294033447,39.4946330172,46.2905458828,0.00384801900707,0.00147512694473,0.00322957789102,0.00189818794827,0.000517861760746,0.00577628677092,0.00460075918589,0.00461564761018,0.0,0.000408019528932,0.000753253877392,0.000753255552815,0.00179024743896,11.0,7.0,8.0,8.0,6.0,9.0,13.0,11.0,0.0,6.0,6.0,6.0,7.0,0.0,0.0,0.0,0.0,0.0,0.0,0.0,0.0,0.0,0.0,0.0,0.0,0.0,271.440513415,0.00488504680457,6090993172.25,NA,COD,Democratic Republic of the Congo,COD.14_1,Lomami,,,Province,Province,,CD.LM
5.08614581481,7.44738903968,10.8507317721,6.0105791816,8.80085782161,12.82253904,0.0312308593136,0.029919320922,0.0279820635551,0.0276702978436,0.0230444439028,0.0267501195357,0.0315702754031,0.0283459648677,0.0326467201942,0.0346434411163,0.0498321212745,0.0565491302968,0.0655272412524,42.0,43.0,40.0,35.0,29.0,37.0,36.0,40.0,44.0,32.0,36.0,39.0,29.0,0.0,0.0,0.0,0.0,0.0,0.0,0.0,0.0,0.0,0.0,0.0,0.0,0.0,564.408737363,0.00489207447188,24597640141.2,NA,COD,Democratic Republic of the Congo,COD.15_1,Lualaba,,,Province,Province,,CD.LB
7.76956944686,8.22965828271,8.67371045178,9.22706972036,9.77341619051,10.3008743829,0.000175224336432,0.000157569527704,0.000416756338891,0.000217106146896,0.000941672679769,0.00158628172534,0.00237860494289,0.00189063753597,0.00254201631448,0.00170188620899,0.00182502902334,0.00274551776634,0.0036084004506,8.0,6.0,8.0,8.0,8.0,12.0,13.0,14.0,19.0,15.0,18.0,22.0,22.0,0.0,0.0,0.0,0.0,0.0,0.0,0.0,0.0,0.0,0.0,0.0,0.0,0.0,600.663783211,0.00192658507259,17890074387.9,NA,COD,Democratic Republic of the Congo,COD.16_1,Maï-Ndombe,,,Province,Province,,CD.MA
9.50459757573,11.0373215818,12.7531613577,11.1910402275,12.9957177561,15.0159982567,0.000594744259305,0.000508780235678,0.000755023610647,0.000260703614047,0.00163745498805,0.00360890121546,0.00731906730334,0.00431063899258,0.00610270394999,0.00440523271695,0.00467861116633,0.00714525119362,0.0071181869059,6.0,11.0,6.0,6.0,8.0,12.0,13.0,12.0,12.0,10.0,13.0,16.0,12.0,0.0,0.0,0.0,0.0,0.0,0.0,0.0,0.0,0.0,0.0,0.0,0.0,0.0,516.674728584,0.00267770465849,34704687375.0,NA,COD,Democratic Republic of the Congo,COD.17_1,Maniema,,,Province,Province,,CD.MN
17.4595847567,19.9124269242,22.5958459582,20.8423757491,23.7704627002,26.9738025323,0.00191250614976,0.00257998943264,0.000455302960707,0.000804368547188,0.000455302960707,0.000455302539124,0.00405222293014,0.0034754868897,0.00408258386008,0.00391563858136,0.00810428105253,0.00614655949249,0.00921455648874,6.0,6.0,5.0,5.0,5.0,5.0,7.0,7.0,8.0,7.0,9.0,8.0,8.0,0.0,0.0,0.0,0.0,0.0,0.0,0.0,0.0,0.0,0.0,0.0,0.0,0.0,504.922301866,0.00385288761262,11170828914.3,NA,COD,Democratic Republic of the Congo,COD.18_1,Mongala,,,Province,Province,,CD.MO
61.5411155643,72.5276057415,85.0592861396,71.8247581477,84.6476637178,99.2743587697,0.0159554386429,0.0116349262359,0.0131917878794,0.0116809500263,0.0103099284247,0.0260452118539,0.0321524864278,0.0523177264142,0.0643556278424,0.0723335380927,0.073681389224,0.0693143853507,0.0994876210668,28.0,21.0,23.0,23.0,15.0,45.0,49.0,63.0,62.0,53.0,54.0,59.0,34.0,0.0,0.0,0.0,0.0,0.0,0.0,0.0,0.0,0.0,0.0,0.0,0.0,0.0,356.643161407,0.0240823138209,25894879730.8,NA,COD,Democratic Republic of the Congo,COD.19_1,Nord-Kivu,,,Province,Province,,CD.NK
12.3381509047,14.0708392897,15.9664908337,14.4363347806,16.4629860748,18.6803379003,0.0113043836123,0.00791940853174,0.00954177841052,0.00714199389312,0.0092927223761,0.00674010089375,0.00773656731437,0.00632884398421,0.00867533566022,0.00907191403064,0.00842987270972,0.00712505529953,0.00874942858376,22.0,15.0,17.0,15.0,13.0,12.0,12.0,12.0,17.0,16.0,12.0,14.0,13.0,0.0,0.0,0.0,0.0,0.0,0.0,0.0,0.0,0.0,0.0,0.0,0.0,0.0,697.404422606,0.00362030722491,6192592150.36,0.0,COD,Democratic Republic of the Congo,COD.20_1,Nord-Ubangi,,,Province,Province,,CD.NU
0.695954525127,0.820428612976,0.962439991515,0.816694511118,0.962799607028,1.12950173174,0.0,0.0,0.0,0.0,0.0,0.0,0.000236232782781,0.000220487445943,0.0,0.0,0.0,0.000968489339251,0.000322850339246,0.0,0.0,0.0,0.0,0.0,0.0,5.0,4.0,0.0,0.0,0.0,6.0,6.0,0.0,0.0,0.0,0.0,0.0,0.0,0.0,0.0,0.0,0.0,0.0,0.0,0.0,617.170260118,0.00192539563671,10712348205.7,NA,COD,Democratic Republic of the Congo,COD.21_1,Sankuru,,,Province,Province,,CD.SN
46.1121178849,52.2646799002,58.9456859229,56.2193402286,63.7302587975,71.8889577077,0.0249391819136,0.0194683158535,0.0196920197604,0.0171511406654,0.0205911178439,0.0203359546225,0.0175546316101,0.0200484341498,0.024679332615,0.0251128252282,0.0250818464886,0.0275990310664,0.0519357978777,28.0,28.0,23.0,23.0,21.0,21.0,20.0,24.0,22.0,20.0,23.0,29.0,27.0,0.0,0.0,0.0,0.0,0.0,0.0,0.0,0.0,0.0,0.0,0.0,0.0,0.0,517.073519795,0.0122881105425,23193784851.0,0.0,COD,Democratic Republic of the Congo,COD.22_1,Sud-Kivu,,,Province,Province,,CD.SK
24.6732649268,28.135297132,31.9246149707,28.866440053,32.9154524031,37.348203083,0.00497561226309,0.00119442945234,0.00489160158475,0.00384765841643,0.00592942180826,0.00472825359954,0.00861565910124,0.00417233822675,0.00465585102855,0.00511190648288,0.00732350562631,0.00658877898165,0.012189094722,22.0,18.0,25.0,19.0,26.0,24.0,26.0,14.0,12.0,15.0,14.0,20.0,14.0,0.0,0.0,0.0,0.0,0.0,0.0,0.0,0.0,0.0,0.0,0.0,0.0,0.0,427.499892777,0.00573044338228,5758920345.39,NA,COD,Democratic Republic of the Congo,COD.23_1,Sud-Ubangi,,,Province,Province,,CD.SU
7.12847332146,10.4343874432,15.1999257149,8.38091963112,12.2676230737,17.8703805253,0.00343155451107,0.0027208964498,0.00279134424133,0.00361923311252,0.00259934915201,0.00386057747036,0.00333557323497,0.0036813304537,0.00552583113867,0.00635008034983,0.00576948268794,0.00458325452429,0.00748994935047,15.0,13.0,13.0,10.0,9.0,10.0,11.0,14.0,16.0,16.0,13.0,14.0,14.0,0.0,0.0,0.0,0.0,0.0,0.0,0.0,0.0,0.0,0.0,0.0,0.0,0.0,331.198313878,0.00206350282829,20827177294.9,NA,COD,Democratic Republic of the Congo,COD.24_1,Tanganyika,,,Province,Province,,CD.TG
7.1264816987,8.22991140868,9.45649331999,8.44327243987,9.75056103689,11.203749235,0.00701184305005,0.00428978308024,0.0040512557669,0.00437501805582,0.0041705417959,0.00663282668905,0.00875426253037,0.00882242435759,0.00981927119695,0.00836658024872,0.00826008430735,0.00868612625618,0.0101685374141,30.0,24.0,23.0,23.0,20.0,35.0,30.0,29.0,41.0,33.0,33.0,34.0,29.0,0.0,0.0,0.0,0.0,0.0,0.0,0.0,0.0,0.0,0.0,0.0,0.0,0.0,697.419111727,0.0025903710049,54001260270.4,NA,COD,Democratic Republic of the Congo,COD.25_1,Tshopo,,,Province,Province,,CD.TO
5.36994383621,6.12420399133,6.94937203818,6.27740126849,7.15912498903,8.1237395299,0.0,0.0,0.0,0.0,0.0,0.0,0.0,0.0,0.0,0.0,0.0,0.0,0.0,0.0,0.0,0.0,0.0,0.0,0.0,0.0,0.0,0.0,0.0,0.0,0.0,0.0,0.0,0.0,0.0,0.0,0.0,0.0,0.0,0.0,0.0,0.0,0.0,0.0,0.0,799.817544391,0.0013261771536,36353557949.9,NA,COD,Democratic Republic of the Congo,COD.26_1,Tshuapa,,,Province,Province,,CD.TP
3899.38980009,4368.34481733,4849.01752239,4587.80971372,5139.55658828,5705.08988599,24.709565125,24.1433645041,22.7890663531,24.0767560361,25.5513414158,29.1493715713,31.2273276105,31.1994553079,31.7364392191,28.7000875781,30.0539699613,30.4559980922,20.2496142891,63.0,63.0,63.0,63.0,60.0,63.0,63.0,63.0,63.0,58.0,63.0,63.0,35.0,0.0,0.0,0.0,0.0,0.0,0.0,5.0,0.0,0.0,0.0,0.0,0.0,0.0,25.6746987869,14.8810111798,649893453.918,NA,ETH,Ethiopia,ETH.1_1,Addis Abeba,?dd?s ?baba|Addis Ababa|Adis-Abeba|?d?s ?beba,,Astedader,City,14,ET.AA
11.4081841085,12.9211025774,14.5010560908,13.5882495478,15.39028394,17.2721644858,0.0196477687934,0.0175916241359,0.0144511982008,0.015901714989,0.0166267902591,0.0127336047919,0.0164741967246,0.0158641999833,0.0215737668558,0.0253690614701,0.0413235319239,0.0170617829191,0.0314202340844,53.0,54.0,34.0,37.0,34.0,17.0,14.0,24.0,38.0,31.0,28.0,22.0,18.0,0.0,0.0,0.0,0.0,0.0,0.0,0.0,0.0,0.0,0.0,0.0,0.0,0.0,425.931046317,0.0111828527863,1.45832565678e+11,NA,ETH,Ethiopia,ETH.2_1,Afar,,,Kilil,State,02,ET.AF
88.9866558025,99.4890856694,110.215343962,105.788606481,118.273998797,131.025470478,0.028919291714,0.0313468730782,0.0277846833654,0.0343472542161,0.0332784587033,0.038413072538,0.049564147225,0.0472610668541,0.0540040637603,0.0530107543673,0.0536876039242,0.0484510352903,0.0624392147082,45.0,43.0,29.0,35.0,26.0,29.0,37.0,35.0,32.0,34.0,35.0,35.0,27.0,0.0,0.0,0.0,0.0,0.0,0.0,0.0,0.0,0.0,0.0,0.0,0.0,0.0,567.7576192,0.0551549163808,2.11720153107e+11,NA,ETH,Ethiopia,ETH.3_1,Amhara,Amara,,Kilil,State,03,ET.AM
11.8360657884,13.8360701717,16.0261833921,13.9875015037,16.3510028301,18.9391554045,0.00175789393469,0.00866386623067,0.00333189595426,0.00297863558426,0.00311278263745,0.0064095662767,0.00384888817585,0.0315893439038,0.00461734990632,0.0142979900129,0.0200489864936,0.0113635435605,0.0191990671228,8.0,11.0,8.0,6.0,8.0,9.0,10.0,14.0,11.0,15.0,18.0,22.0,12.0,0.0,0.0,0.0,0.0,0.0,0.0,0.0,0.0,0.0,0.0,0.0,0.0,0.0,797.784312093,0.00600447823289,57954253606.2,NA,ETH,Ethiopia,ETH.4_1,Benshangul-Gumaz,Beneshangul Gumu,,Kilil,State,06,ET.BE
245.339214819,280.951858062,318.799077974,289.147231444,331.118868164,375.724086903,1.76300249752,1.56606573117,1.49767797806,1.64178905056,1.72394681084,1.92230222281,1.97859492507,2.02520622866,1.9107684614,1.86753995807,1.84285881798,1.52114905349,1.67326103828,63.0,57.0,46.0,51.0,43.0,61.0,59.0,63.0,55.0,49.0,47.0,45.0,33.0,0.0,0.0,0.0,0.0,0.0,0.0,0.0,0.0,0.0,0.0,0.0,0.0,0.0,255.559023784,0.680928106435,1459759741.83,NA,ETH,Ethiopia,ETH.5_1,Dire Dawa,,,Astedader,City,15,ET.DD
6.62556296913,8.54533945382,10.9225210088,7.79690017119,10.0560053344,12.8533390537,0.00752526630099,0.00620200552487,0.00294939593899,0.00355582302671,0.00286673239718,0.0046859736354,0.00791109193493,0.0097591417617,0.00667049120024,0.0146391299285,0.00752501928962,0.00810877047143,0.00766396999588,9.0,10.0,7.0,6.0,6.0,8.0,8.0,11.0,9.0,11.0,9.0,18.0,7.0,0.0,0.0,0.0,0.0,0.0,0.0,0.0,0.0,0.0,0.0,0.0,0.0,0.0,1060.88565811,0.00536849186053,28947668081.8,0.0,ETH,Ethiopia,ETH.6_1,Gambela Peoples,Gambela,,Kilil,State,12,ET.GA
367.093185894,423.084290305,483.162221334,432.2456673,498.174201994,568.914883479,2.4919575515,2.46301138201,2.24370399787,2.35446618223,2.68245057781,1.96818680384,2.58668367584,2.6736621765,2.97588129917,3.0427617894,2.94102020447,2.46519451093,2.48987257382,39.0,42.0,29.0,35.0,25.0,26.0,32.0,36.0,35.0,36.0,34.0,33.0,24.0,0.0,0.0,0.0,0.0,0.0,0.0,0.0,0.0,0.0,0.0,0.0,0.0,0.0,66.1630278035,1.01172058282,507478382.194,NA,ETH,Ethiopia,ETH.7_1,Harari People,Hareri,,Kilil,State,13,ET.HA
62.8664223804,73.7455385833,85.7180048574,74.0926714435,86.9145213729,101.024966042,0.0476140163795,0.0472015224722,0.0439454472748,0.0480452289146,0.0582008076598,0.0577200095989,0.072701431403,0.0680462287919,0.0873227197436,0.0740317485613,0.0878744667992,0.0762332227843,0.107950839668,47.0,49.0,38.0,39.0,38.0,45.0,56.0,58.0,55.0,48.0,47.0,51.0,31.0,0.0,0.0,0.0,0.0,0.0,0.0,0.0,0.0,0.0,0.0,0.0,0.0,0.0,554.798591143,0.0514854973368,3.50268953641e+11,NA,ETH,Ethiopia,ETH.8_1,Oromia,Oromiya,,Kilil,State,04,ET.OR
11.0452880529,12.7562285738,14.597779238,12.9527438552,14.9591453651,17.1187084777,0.0035957387501,0.00373844269286,0.00388704368211,0.00341168541842,0.00403487719837,0.00391963828616,0.00520940694447,0.00485780498839,0.0056480285759,0.0060208328824,0.00595124109561,0.00432812006903,0.00706332145247,22.0,24.0,20.0,23.0,19.0,19.0,23.0,26.0,34.0,32.0,29.0,23.0,22.0,0.0,0.0,0.0,0.0,0.0,0.0,0.0,0.0,0.0,0.0,0.0,0.0,0.0,642.2662737,0.00590726317537,3.93559680954e+11,5787.0,ETH,Ethiopia,ETH.9_1,Somali,Sumale,,Kilil,State,05,ET.SO
103.456484519,120.715081808,139.567780193,121.623304283,141.912509383,164.07573976,0.0291867585189,0.0328584225792,0.0237613835835,0.0310231122032,0.0437245048118,0.0401659945688,0.0602086048598,0.0602820882219,0.08255617521,0.0692465495957,0.0784417285815,0.0644675121121,0.101432129128,22.0,24.0,19.0,26.0,24.0,39.0,48.0,42.0,40.0,38.0,32.0,37.0,28.0,0.0,0.0,0.0,0.0,0.0,0.0,0.0,0.0,0.0,0.0,0.0,0.0,0.0,691.275025785,0.0662035952952,1.00864593014e+11,NA,ETH,Ethiopia,ETH.10_1,"Southern Nations, Nationalities and Peoples",SNNPR,,Kilil,State,07,ET.SN
62.3296399643,71.3334792954,80.8543674028,74.5765955136,85.3497609537,96.7414728546,0.065718184861,0.0659170841666,0.0814863748016,0.0939859192643,0.110182628149,0.116907500034,0.149903565944,0.170767749517,0.176309071907,0.159916653418,0.175049204382,0.152839279558,0.188444782275,38.0,48.0,50.0,53.0,44.0,63.0,63.0,63.0,63.0,55.0,52.0,55.0,33.0,0.0,0.0,0.0,0.0,0.0,0.0,0.0,0.0,0.0,0.0,0.0,0.0,0.0,399.752981734,0.0789380123699,78540197747.5,0.0,ETH,Ethiopia,ETH.11_1,Tigray,Tegré|Tigrai|Tigre,,Kilil,State,01,ET.TI
104.270133308,114.922917757,125.038385993,126.069776129,138.949558168,151.179658109,1.02180565212,1.25295319491,1.299459139,1.396578453,1.56562318715,1.52111064589,1.9523853832,1.87478968386,1.45843381277,1.5963599764,1.57105973215,1.15437756403,1.89581462529,63.0,63.0,63.0,63.0,57.0,63.0,63.0,63.0,63.0,58.0,61.0,63.0,35.0,0.0,0.0,0.0,0.0,0.0,0.0,0.0,0.0,0.0,0.0,0.0,0.0,0.0,150.833463616,0.360316185182,26443001406.0,NA,SDN,Sudan,SDN.1_1,Al Jazirah,Gezira,????? ???????,Wilayat,State,,SD.GZ
19.534692095,20.8461326353,21.968654511,23.4079709706,24.9805456837,26.326928857,0.0733012292036,0.0616189539609,0.0601987836029,0.0690611933981,0.0709025880574,0.0698241422198,0.0837030731899,0.0705520700355,0.0611477336557,0.0618660170064,0.0601039571411,0.0868567758397,0.0814763810636,63.0,63.0,54.0,53.0,44.0,55.0,63.0,58.0,45.0,47.0,43.0,52.0,33.0,0.0,0.0,0.0,0.0,0.0,0.0,0.0,0.0,0.0,0.0,0.0,0.0,0.0,229.78677143,0.0311852456934,78899919898.5,NA,SDN,Sudan,SDN.2_1,Al Qadarif,Gedarif|Gadarif|Gedaref|Gederaf,???????,Wilayat,State,,SD.GD
14.8701072971,17.5490729128,20.4438422085,17.7803962537,20.9836739528,24.4449877261,0.0400006584575,0.0375400005356,0.0366373726745,0.0357568474858,0.0354863740799,0.0407276410944,0.0496629655666,0.0478338126235,0.0440430759514,0.0497818180247,0.0561699466753,0.0756405238518,0.0925942965014,47.0,50.0,39.0,39.0,37.0,45.0,49.0,52.0,43.0,37.0,37.0,49.0,33.0,0.0,0.0,0.0,0.0,0.0,0.0,0.0,0.0,0.0,0.0,0.0,0.0,0.0,328.746311855,0.0218433035847,38972931709.7,NA,SDN,Sudan,SDN.3_1,Blue Nile,An N?l al Azraq|Nil Bleu|Nilo Azul,????? ???????,Wilayat,State,,SD.BN
17.0079146477,17.7614132318,18.4606202932,20.2335996166,21.1307456339,21.9634568432,0.00816981494607,0.00599292047725,0.00354538688122,0.00695823191251,0.00616880584547,0.00868651798743,0.0104252024708,0.0135539455138,0.0185989538345,0.0196713769202,0.0239837057835,0.031195928849,0.0414654236233,8.0,7.0,6.0,7.0,6.0,8.0,7.0,8.0,7.0,8.0,9.0,11.0,11.0,0.0,0.0,0.0,0.0,0.0,0.0,0.0,0.0,0.0,0.0,0.0,0.0,0.0,451.080388277,0.0241579160057,10115022061.2,0.0,SDN,Sudan,SDN.4_1,Central Darfur,Zalingei,,Wilayat,State,,SD.CD
16.6909239483,20.7517883463,25.4719987885,19.7767262817,24.5884253278,30.1813835012,0.00699717794686,0.00612990980227,0.007512236065,0.00858652549254,0.0107825286864,0.0172788520752,0.0192928988165,0.0203699799453,0.0243753419015,0.0232258317537,0.0289620483448,0.0216278267736,0.0436595357203,11.0,10.0,10.0,10.0,11.0,21.0,20.0,20.0,19.0,20.0,21.0,21.0,19.0,0.0,0.0,0.0,0.0,0.0,0.0,0.0,0.0,0.0,0.0,0.0,0.0,0.0,358.317117407,0.0152670687118,21293332595.6,3614.52000002563,SDN,Sudan,SDN.5_1,East Darfur,,,Wilayat,State,,SD.ED
27.5117073463,31.2681737775,35.0801999478,33.2424215579,37.781448386,42.3876283236,0.159438639296,0.146990784884,0.150176799965,0.151408127211,0.160969129132,0.151884770154,0.176370690842,0.177648926412,0.163263144685,0.13545578012,0.127558668335,0.12230899601,0.168020769911,63.0,63.0,63.0,60.0,51.0,63.0,63.0,63.0,63.0,55.0,56.0,63.0,34.0,0.0,0.0,0.0,0.0,0.0,0.0,0.0,0.0,0.0,0.0,0.0,0.0,0.0,333.623895573,0.0532774548026,61119020951.3,0.0,SDN,Sudan,SDN.6_1,Kassala,Cassala|Kessala,"????,",Wilayat,State,,SD.KA
177.288712078,203.763745316,231.180784001,218.691445914,251.348069994,285.16640914,2.66084555312,2.91945177526,3.27549563177,3.23305660824,3.2229642705,3.33895349122,3.73887306585,3.91402364309,3.74077644251,3.46872948826,3.8947249505,3.87623077057,3.47571698631,63.0,63.0,63.0,63.0,60.0,63.0,63.0,63.0,63.0,58.0,63.0,63.0,35.0,0.0,0.0,0.0,0.0,0.0,0.0,0.0,0.0,0.0,0.0,0.0,0.0,0.0,273.47447942,1.20632911824,22658439611.8,NA,SDN,Sudan,SDN.7_1,Khartoum,Al Khar??m| Al Khur??m| Cartum|Jartum| Khartum,???????,Wilayat,State,,SD.KH
4.34694807999,5.33411849017,6.46208365289,5.20693558393,6.38939947403,7.74051052481,0.00647433535782,0.00540008542071,0.00313022974833,0.00415029617074,0.00613273675839,0.00549079321843,0.00581779275412,0.00690926039209,0.0111416079997,0.0120368507088,0.0125697035865,0.0114934461946,0.0153076025941,61.0,55.0,23.0,29.0,35.0,36.0,29.0,36.0,45.0,51.0,53.0,55.0,34.0,0.0,0.0,0.0,0.0,0.0,0.0,0.0,0.0,0.0,0.0,0.0,0.0,0.0,573.186385414,0.00523304285891,1.47226119908e+11,NA,SDN,Sudan,SDN.8_1,North Darfur,D?rf?r ash Sham?l?yah| Sham?l D?rf?r| Darfur septentrional,???? ???????,Wilayat,State,,SD.ND
8.42127056053,9.67463156077,10.9724955747,10.0835344034,11.5843384866,13.1384340723,0.0239148153314,0.0259965143112,0.0270483254705,0.0249449656077,0.0271651110504,0.026451695576,0.0300172033368,0.0320174687501,0.0292016520517,0.033238224728,0.0367859671386,0.0351548396769,0.0414962795088,63.0,63.0,62.0,58.0,48.0,63.0,63.0,63.0,63.0,55.0,61.0,63.0,35.0,0.0,0.0,0.0,0.0,0.0,0.0,0.0,0.0,0.0,0.0,0.0,0.0,0.0,387.817814037,0.0121608090027,1.47087299608e+11,NA,SDN,Sudan,SDN.9_1,North Kurdufan,Kurduf?n ash Sham?l?yah|Sham?l Kurduf?n|North Kordofan|Kordofan septentrional,???? ???????,Wilayat,State,,SD.KN
1.54351470057,1.72193519102,1.8962494345,1.89810401898,2.11749798705,2.33183934086,0.0179039275896,0.0180355208784,0.0214976097031,0.0254116361557,0.0327137767116,0.0347754121358,0.0452627682774,0.0490156848192,0.0521500827094,0.0513345602562,0.054492247265,0.0509279359631,0.0722138418249,52.0,39.0,37.0,44.0,38.0,49.0,48.0,47.0,45.0,42.0,43.0,63.0,34.0,0.0,0.0,0.0,0.0,0.0,0.0,0.0,0.0,0.0,0.0,0.0,0.0,0.0,658.530581264,0.0104604370799,3.29205103129e+11,NA,SDN,Sudan,SDN.10_1,Northern,Ash Sham?l?|Ash Sham?l?yah|Nord,????????,Wilayat,State,,SD.NO
3.99365023039,5.08123627846,6.3823486219,4.94276821214,6.2889370288,7.89942978551,0.0351963636093,0.0380481673081,0.0432204038569,0.0472787771373,0.0500625486902,0.0542749713268,0.057721137624,0.0555146834744,0.0602645320551,0.060985679144,0.0670320653238,0.0632732236568,0.0665042418102,63.0,63.0,63.0,63.0,57.0,63.0,63.0,63.0,63.0,57.0,63.0,63.0,35.0,0.0,0.0,0.0,0.0,0.0,0.0,0.0,0.0,0.0,0.0,0.0,0.0,0.0,794.777456906,0.013845495887,3.09661100802e+11,NA,SDN,Sudan,SDN.11_1,Red Sea,Ba?r al A?mar|Mar Rojo|Mar Rosso|Mar Vermelho|Mer Rouge|Röda havet|Rødehavet|Rotes Meer,????? ???????,Wilayat,State,,SD.RS
7.08286670447,8.03512923319,8.99818886847,8.64410852627,9.80615423961,10.9813469096,0.062794639014,0.0640868724591,0.0689144464309,0.081719506036,0.0891831411227,0.10049772793,0.116092748093,0.146368830619,0.162905975211,0.163984982919,0.192415116277,0.183572268175,0.282599322277,63.0,63.0,61.0,63.0,51.0,63.0,62.0,63.0,63.0,57.0,61.0,63.0,35.0,0.0,0.0,0.0,0.0,0.0,0.0,0.0,0.0,0.0,0.0,0.0,0.0,0.0,546.251984315,0.0355121084298,1.49951720524e+11,NA,SDN,Sudan,SDN.12_1,River Nile,"an N?l, Nahr an N?l| Nil| Nile| Nile River|Nilen|Nilo",????? ??? ??????,Wilayat,State,,SD.RN
28.1158221991,31.0205674161,33.7923041905,33.8911927896,37.392288113,40.7329545678,0.193552975729,0.20379190684,0.186392957751,0.237685622849,0.242604923451,0.250083077192,0.269490676471,0.259767227311,0.203726860739,0.19398880382,0.175929256717,0.166474308914,0.253399259386,63.0,63.0,53.0,56.0,43.0,56.0,52.0,53.0,38.0,38.0,35.0,40.0,33.0,0.0,0.0,0.0,0.0,0.0,0.0,0.0,0.0,0.0,0.0,0.0,0.0,0.0,178.577371471,0.0619761848694,43823443051.3,0.0,SDN,Sudan,SDN.13_1,Sennar,Sinnar,????,Wilayat,State,,SD.SI
21.5568283107,26.8130501253,32.923575567,25.5484816022,31.7780014692,39.020016016,0.0355298973539,0.0345550234119,0.0268059089545,0.0270824878368,0.0245668917585,0.0371252586421,0.0402754067435,0.0443785659946,0.0515578053684,0.0444274380232,0.0539023229854,0.0557301088153,0.0719118598818,63.0,63.0,42.0,37.0,36.0,60.0,63.0,62.0,58.0,47.0,53.0,61.0,33.0,0.0,0.0,0.0,0.0,0.0,0.0,0.0,0.0,0.0,0.0,0.0,0.0,0.0,430.508650276,0.0265447081411,18020347501.9,NA,SDN,Sudan,SDN.14_1,South Darfur,D?rf?r al Jan?b?yah| Jan?b D?rf?r| Darfur méridional| Southern Darfur,???? ???????,Wilayat,State,,SD.SD
10.1355519885,10.263994821,10.2626553064,12.0226700866,12.175091501,12.1735750271,0.0142494790595,0.0136529838349,0.0141426567123,0.0153667619835,0.0206135556479,0.0223074195009,0.0235387069957,0.0252054709614,0.0259469572694,0.0349563003175,0.0392345593081,0.0389248817704,0.0466836914503,17.0,11.0,17.0,15.0,13.0,15.0,16.0,17.0,19.0,24.0,20.0,27.0,23.0,0.0,0.0,0.0,0.0,0.0,0.0,0.0,0.0,0.0,0.0,0.0,0.0,0.0,424.828049132,0.0168207806035,60510047301.8,NA,SDN,Sudan,SDN.15_1,South Kurdufan,Southern Kordofan|South Kordufan|Jan?b Kurduf?n|Janub Kurdufun|Kurduf?n al Jan?b?yah|Kordofan méridional,???? ???????,Wilayat,State,,SD.KS
32.9402157358,33.384473355,33.5009769,39.3465462295,39.8778864321,40.0178697948,0.022376481054,0.0181604694409,0.01863677093,0.0199584871798,0.0219689340183,0.0254935660897,0.0372822389437,0.0435246078667,0.0523495607173,0.0578399113503,0.0687239587163,0.0894753981815,0.115300606213,17.0,14.0,14.0,12.0,13.0,16.0,16.0,20.0,18.0,19.0,22.0,27.0,24.0,0.0,0.0,0.0,0.0,0.0,0.0,0.0,0.0,0.0,0.0,0.0,0.0,0.0,268.492651278,0.032462527044,4693331381.94,NA,SDN,Sudan,SDN.16_1,West Darfur,D?rf?r al Gharb?yah|Gharb D?rf?r,??? ???????,Wilayat,State,,SD.WD
10.1598302738,11.0820740369,11.9801446514,12.0727454749,13.1713909006,14.2416800277,0.0125408391809,0.0176147038649,0.021598436015,0.0245672118048,0.0323596330382,0.0390923355997,0.0763525389076,0.118073439367,0.135394370085,0.162104352382,0.157631072687,0.108296434303,0.195040610763,15.0,25.0,32.0,36.0,27.0,32.0,50.0,63.0,63.0,55.0,56.0,63.0,35.0,0.0,0.0,0.0,0.0,0.0,0.0,0.0,0.0,0.0,0.0,0.0,0.0,0.0,345.319113277,0.0219653642158,65186883982.1,4656.470000097528,SDN,Sudan,SDN.17_1,West Kurdufan,Gharb Kurduf?n| Gharb Kurdufun| Kurduf?n al Gharb?yah| Western Kordofan,??? ???????,Wilayat,State,,SD.KN
40.021537583,44.8898904764,49.7056354511,48.6613625498,54.5836375522,60.4425331837,0.211468398051,0.219931670621,0.216240861899,0.240448765731,0.242672167962,0.250183753653,0.295777589148,0.317755593017,0.327861925963,0.347083270672,0.371800850565,0.373350108761,0.440929223394,63.0,63.0,55.0,60.0,50.0,63.0,63.0,63.0,63.0,55.0,58.0,63.0,34.0,0.0,0.0,0.0,0.0,0.0,0.0,0.0,0.0,0.0,0.0,0.0,0.0,0.0,159.88483072,0.0812922267686,38468004752.6,NA,SDN,Sudan,SDN.18_1,White Nile,An Ba?r al Abyad|An N?l al-Abyad|Nil Blanc|Nilo Branco,????? ???????,Wilayat,State,,SD.WN
51.8342749689,70.5416204091,95.6646475426,61.6825901899,83.9595402298,113.884992579,0.0,0.0428905321389,0.0104479766244,0.0302440281607,0.0,0.0109977786698,0.00852328703254,0.0,0.0120974984304,0.0,0.0,0.0,0.0225455906443,0.0,10.0,8.0,8.0,0.0,8.0,8.0,0.0,7.0,0.0,0.0,0.0,9.0,0.0,0.0,0.0,0.0,0.0,0.0,0.0,0.0,0.0,0.0,0.0,0.0,0.0,665.3770658,0.0310757917414,1809785675.1,0.0,UGA,Uganda,UGA.1_1,Adjumani,,,District,District,30,UG.AD
89.8842200509,106.455733768,125.615432001,105.860320458,125.381016714,147.95196528,0.0,0.0,0.00495707820647,0.0039139263104,0.0,0.0,0.0,0.0,0.00952195642219,0.00326076640969,0.0,0.00495651730041,0.0,0.0,0.0,10.0,5.0,0.0,0.0,0.0,0.0,11.0,7.0,0.0,9.0,0.0,0.0,0.0,0.0,0.0,0.0,0.0,0.0,0.0,0.0,0.0,0.0,0.0,0.0,165.556309236,0.044438204883,3090773676.34,NA,UGA,Uganda,UGA.2_1,Apac,,,District,District,30,UG.AC
123.730716414,148.846283769,178.903426857,144.464485718,173.791974897,208.891424743,0.0332438869151,0.0462057170179,0.0365988690739,0.03614124601,0.034921444005,0.0387337495845,0.101494156915,0.0333961518075,0.0593202241575,0.0616034600672,0.0465110212962,0.0436137285991,0.06282500963,11.0,10.0,10.0,9.0,9.0,12.0,12.0,12.0,12.0,13.0,11.0,11.0,11.0,0.0,0.0,0.0,0.0,0.0,0.0,0.0,0.0,0.0,0.0,0.0,0.0,0.0,308.668683613,0.0924479488049,3181513391.07,NA,UGA,Uganda,UGA.3_1,Arua,,,District,District,30,UG.AW
207.288610841,261.239786333,328.058544311,249.958839678,315.033119555,395.63037035,0.0,0.015620660498,0.039572441142,0.0406137382188,0.0322827328219,0.0416551216591,0.0479034143695,0.0406136941698,0.0218689292067,0.0333240923044,0.0572757773875,0.0312413706271,0.0801861800272,0.0,6.0,6.0,5.0,6.0,6.0,7.0,6.0,6.0,6.0,7.0,6.0,7.0,0.0,0.0,0.0,0.0,0.0,0.0,0.0,0.0,0.0,0.0,0.0,0.0,0.0,150.376816696,0.103462172281,516530079.835,NA,UGA,Uganda,UGA.4_1,Bugiri,,,District,District,20,UG.BG
82.6076763465,105.578310538,134.502760039,96.3127314721,123.095867275,156.821203135,0.0,0.0,0.0,0.0,0.0,0.00176091974277,0.0,0.0,0.0,0.0,0.0,0.0,0.0,0.0,0.0,0.0,0.0,0.0,6.0,0.0,0.0,0.0,0.0,0.0,0.0,0.0,0.0,0.0,0.0,0.0,0.0,0.0,0.0,0.0,0.0,0.0,0.0,0.0,0.0,262.673478174,0.0466875520494,920934330.022,NA,UGA,Uganda,UGA.5_1,Bundibugyo,,,District,District,40,UG.BN
157.584093417,174.224376147,191.906351387,184.186013421,203.64043805,224.313843074,0.018206898251,0.0348306132116,0.0512564194183,0.0740547221945,0.0579850072224,0.0508605369965,0.0,0.0225607597416,0.0114782697288,0.0377992086624,0.0251334214688,0.0360179913346,0.0854931212531,6.0,7.0,7.0,7.0,6.0,6.0,0.0,6.0,6.0,5.0,7.0,7.0,7.0,0.0,0.0,0.0,0.0,0.0,0.0,0.0,0.0,0.0,0.0,0.0,0.0,0.0,277.713762532,0.0612397282372,1590373926.49,NA,UGA,Uganda,UGA.6_1,Bushenyi,,,District,District,11,UG.BS
258.060902311,296.557908153,339.569278459,300.863202665,345.747550745,395.895925027,0.195339126186,0.169389551713,0.158371592851,0.272108169296,0.149993442269,0.189818728822,0.250658501718,0.232558947105,0.204750121083,0.228737246258,0.221541236707,0.259472987212,0.237976667421,12.0,11.0,9.0,10.0,9.0,10.0,13.0,10.0,9.0,11.0,10.0,10.0,11.0,0.0,0.0,0.0,0.0,0.0,0.0,0.0,0.0,0.0,0.0,0.0,0.0,0.0,137.703075332,0.233438661216,237759533.397,NA,UGA,Uganda,UGA.7_1,Busia,,,District,District,20,UG.BU
34.15321588,39.3400206356,45.1548336472,39.8886939196,45.9461087523,52.737011151,0.0122055163856,0.0172310900061,0.0138566847765,0.0226876403365,0.0187388351116,0.0234056290646,0.0311596993697,0.0215387590791,0.0189540692592,0.0234773343231,0.028862114041,0.0277134903018,0.0302981156878,8.0,10.0,10.0,9.0,10.0,13.0,15.0,14.0,12.0,13.0,15.0,16.0,13.0,0.0,0.0,0.0,0.0,0.0,0.0,0.0,0.0,0.0,0.0,0.0,0.0,0.0,367.808615624,0.0265841838705,6417222351.6,NA,UGA,Uganda,UGA.8_1,Gulu,,,District,District,30,UG.GL
76.4698175815,96.5504592277,121.45235798,89.3474409734,112.809770627,141.905307999,0.0268515806436,0.0214812545562,0.0352573570414,0.0408611376519,0.034790413559,0.0438966324648,0.0455310841218,0.0399270486325,0.016344429658,0.030820963617,0.0716208430919,0.0712519504387,0.128314518514,8.0,7.0,8.0,7.0,8.0,9.0,10.0,10.0,8.0,8.0,9.0,13.0,11.0,0.0,0.0,0.0,0.0,0.0,0.0,0.0,0.0,0.0,0.0,0.0,0.0,0.0,273.643703642,0.0489708487521,1622862603.31,NA,UGA,Uganda,UGA.9_1,Hoima,,,District,District,40,UG.HO
239.357018158,281.095957072,328.973541542,278.290407047,326.815177215,382.476018434,0.0956392785928,0.107935708865,0.107252674896,0.120915309346,0.113059333559,0.125355746558,0.133212016519,0.101787437528,0.116816417457,0.0874415724082,0.120915285407,0.0932482800235,0.153364092559,11.0,11.0,10.0,11.0,10.0,10.0,12.0,10.0,9.0,10.0,9.0,10.0,11.0,0.0,0.0,0.0,0.0,0.0,0.0,0.0,0.0,0.0,0.0,0.0,0.0,0.0,92.6558637148,0.172234895258,868038269.79,NA,UGA,Uganda,UGA.10_1,Iganga,,,District,District,20,UG.IN
463.944926502,527.411325197,597.340303399,558.130581385,634.455115189,718.547754785,2.58698584588,2.72711049757,2.25440110886,2.11744760995,2.00777519096,1.85024405401,1.6249376616,1.73236888652,1.50224798275,1.48579121744,1.86723475167,1.75030556625,2.24473978901,47.0,44.0,35.0,31.0,26.0,30.0,26.0,23.0,18.0,17.0,18.0,24.0,20.0,0.0,0.0,0.0,0.0,0.0,0.0,0.0,0.0,0.0,0.0,0.0,0.0,0.0,47.8902566523,1.36059247614,229610852.824,NA,UGA,Uganda,UGA.11_1,Jinja,,,District,District,20,UG.JI
232.244501349,242.34899579,252.066099108,277.638824757,289.715945977,301.32607155,0.11994868319,0.139779360543,0.16251113755,0.197818894562,0.204106168539,0.175570054186,0.160576273912,0.118014580998,0.136877357827,0.158158266903,0.100118465403,0.14364822418,0.193377743653,12.0,11.0,13.0,14.0,11.0,12.0,12.0,11.0,9.0,10.0,9.0,11.0,11.0,0.0,0.0,0.0,0.0,0.0,0.0,0.0,0.0,0.0,0.0,0.0,0.0,0.0,211.524314943,0.183685077517,585777173.07,NA,UGA,Uganda,UGA.12_1,Kabale,,,District,District,22,UG.KA
168.178453374,181.808691132,195.87004177,195.931866512,211.810188246,228.190410661,0.133199802472,0.13458709064,0.131812321938,0.155399701406,0.20257483276,0.189624804398,0.162799847654,0.126724632298,0.0476374073733,0.138287184083,0.143837381612,0.0883372735552,0.185924902575,11.0,10.0,9.0,11.0,11.0,10.0,10.0,10.0,7.0,9.0,9.0,10.0,10.0,0.0,0.0,0.0,0.0,0.0,0.0,0.0,0.0,0.0,0.0,0.0,0.0,0.0,195.275254494,0.086042265224,780903564.365,0.0,UGA,Uganda,UGA.13_1,Kabarole,,,District,District,13,UG.BR
75.9536936904,93.2875412924,114.164848083,92.7333285961,113.893110854,139.377044489,0.0,0.0,0.0,0.0,0.0,0.0,0.0,0.0,0.0,0.0,0.0,0.0,0.0,0.0,0.0,0.0,0.0,0.0,0.0,0.0,0.0,0.0,0.0,0.0,0.0,0.0,0.0,0.0,0.0,0.0,0.0,0.0,0.0,0.0,0.0,0.0,0.0,0.0,0.0,97.9414316851,0.0262530263974,710325979.523,0.0,UGA,Uganda,UGA.14_1,Kaberamaido,,,District,District,21,UG.KD
42.2428816286,58.2171753847,79.9353911172,67.6945355326,93.2838633319,128.071413142,0.0,0.0,0.0,0.0,0.0,0.0,0.0,0.0,0.0,0.0,0.0,0.0,0.0,0.0,0.0,0.0,0.0,0.0,0.0,0.0,0.0,0.0,0.0,0.0,0.0,0.0,0.0,0.0,0.0,0.0,0.0,0.0,0.0,0.0,0.0,0.0,0.0,0.0,0.0,108.387138432,0.0185750161335,128913352.8,NA,UGA,Uganda,UGA.15_1,Kalangala,,,District,District,10,UG.KN
5114.40941622,6151.76474273,7372.04844407,6048.97931665,7275.85770708,8719.07674998,47.9050454893,45.9143594849,47.6823804491,49.9779471091,46.8397691139,51.3260737279,47.6275259998,46.6818003446,41.1745527972,38.4112810807,43.7462313812,47.5914671819,29.7234475642,63.0,63.0,63.0,63.0,60.0,63.0,63.0,63.0,63.0,58.0,63.0,63.0,35.0,6.0,6.0,6.0,6.0,9.0,8.0,7.0,0.0,0.0,5.0,8.0,7.0,8.0,6.67200970497,37.9365295157,56787861.318,NA,UGA,Uganda,UGA.16_1,Kampala,,,District,District,10,UG.KM
153.095070876,180.200752554,211.321315926,187.909688291,221.1603845,259.334307699,0.02310235114,0.0246820206361,0.0221151027469,0.0225099927477,0.0175736060489,0.0302108176352,0.0227074838683,0.0047389372934,0.0142168259788,0.00888552051595,0.0197456421354,0.00868808728657,0.0284337310508,6.0,7.0,7.0,6.0,6.0,8.0,7.0,6.0,6.0,5.0,7.0,7.0,7.0,0.0,0.0,0.0,0.0,0.0,0.0,0.0,0.0,0.0,0.0,0.0,0.0,0.0,114.786125095,0.0637247573058,1630021722.01,NA,UGA,Uganda,UGA.17_1,Kamuli,,,District,District,20,UG.KX
96.2933478166,108.062774113,120.825521112,113.093828606,126.915455529,141.90344975,0.0,0.0,0.0,0.0,0.0,0.0,0.0,0.0,0.0,0.0,0.0,0.0,0.0,0.0,0.0,0.0,0.0,0.0,0.0,0.0,0.0,0.0,0.0,0.0,0.0,0.0,0.0,0.0,0.0,0.0,0.0,0.0,0.0,0.0,0.0,0.0,0.0,0.0,0.0,203.002062106,0.0395341901668,930794570.149,0.0,UGA,Uganda,UGA.18_1,Kamwenge,,,District,District,41,UG.KE
137.240974672,152.214705432,168.205662914,160.157155033,177.631543738,196.293089353,0.00972770903884,0.0,0.0,0.0,0.0,0.0,0.0,0.0,0.0,0.0,0.0,0.0,0.0,6.0,0.0,0.0,0.0,0.0,0.0,0.0,0.0,0.0,0.0,0.0,0.0,0.0,0.0,0.0,0.0,0.0,0.0,0.0,0.0,0.0,0.0,0.0,0.0,0.0,0.0,204.031275903,0.0517840391273,490923811.4,NA,UGA,Uganda,UGA.19_1,Kanungu,,,District,District,13,UG.UU
89.8432423369,110.734055112,135.991860456,104.429865976,128.712451236,158.071042938,0.0,0.0,0.0,0.0,0.0,0.0210574291689,0.0,0.0,0.0,0.0,0.0,0.0,0.0146911904488,0.0,0.0,0.0,0.0,0.0,6.0,0.0,0.0,0.0,0.0,0.0,0.0,6.0,0.0,0.0,0.0,0.0,0.0,0.0,0.0,0.0,0.0,0.0,0.0,0.0,0.0,234.942070495,0.0386492947788,725243182.092,NA,UGA,Uganda,UGA.20_1,Kapchorwa,,,District,District,20,UG.KP
138.200317109,165.071171075,196.44018811,162.538544822,194.138490802,231.027643901,0.210130017531,0.27253206663,0.243241386042,0.260790357701,0.275588717918,0.366759600217,0.208856452529,0.182876750889,0.153585836798,0.206818839608,0.192957816204,0.212931553881,0.301145358065,12.0,15.0,17.0,15.0,14.0,15.0,14.0,14.0,11.0,12.0,12.0,16.0,14.0,0.0,0.0,0.0,0.0,0.0,0.0,0.0,0.0,0.0,0.0,0.0,0.0,0.0,250.611946295,0.172454658921,1375838866.5,NA,UGA,Uganda,UGA.21_1,Kasese,,,District,District,11,UG.KS
47.5207419727,65.5516928874,91.0020231229,55.94758457,77.0704785185,106.853757778,0.0,0.0227205476486,0.0,0.0,0.00373054493794,0.00423878834629,0.0,0.0,0.0,0.0,0.0,0.0,0.0,0.0,13.0,0.0,0.0,6.0,5.0,0.0,0.0,0.0,0.0,0.0,0.0,0.0,0.0,0.0,0.0,0.0,0.0,0.0,0.0,0.0,0.0,0.0,0.0,0.0,0.0,172.520514342,0.0214699395798,2328616138.68,NA,UGA,Uganda,UGA.22_1,Katakwi,,,District,District,20,UG.KK
155.606764156,171.658445626,188.667151126,183.557084323,202.522058415,222.623813372,0.0134184501798,0.0124244551452,0.080510518279,0.150585043329,0.0680861072225,0.170961560329,0.0521827589085,0.0218670313267,0.0,0.0198791274165,0.0392613008867,0.0,0.0715649850555,6.0,7.0,7.0,7.0,7.0,8.0,7.0,7.0,0.0,5.0,7.0,0.0,7.0,0.0,0.0,0.0,0.0,0.0,0.0,0.0,0.0,0.0,0.0,0.0,0.0,0.0,148.017292425,0.0628713110607,626298312.321,NA,UGA,Uganda,UGA.23_1,Kayunga,,,District,District,11,UG.KY
76.9169584372,99.5020442676,128.245932028,89.5856638086,115.890651976,149.368826396,0.0,0.0,0.0,0.0,0.0,0.0,0.0,0.0,0.0,0.0,0.0,0.0,0.0,0.0,0.0,0.0,0.0,0.0,0.0,0.0,0.0,0.0,0.0,0.0,0.0,0.0,0.0,0.0,0.0,0.0,0.0,0.0,0.0,0.0,0.0,0.0,0.0,0.0,0.0,256.439902838,0.023550775621,1751650875.52,NA,UGA,Uganda,UGA.24_1,Kibale,Kibaale,,District,District,10,UG.KI
46.847884476,57.5898638955,70.5365388237,54.4467036114,66.9310584353,81.9777170808,0.0,0.0,0.0,0.00757277417417,0.00841420575138,0.0237701477828,0.0,0.0,0.0,0.0,0.0,0.0,0.0126213152094,0.0,0.0,0.0,5.0,5.0,6.0,0.0,0.0,0.0,0.0,0.0,0.0,6.0,0.0,0.0,0.0,0.0,0.0,0.0,0.0,0.0,0.0,0.0,0.0,0.0,0.0,262.782666439,0.0201475285394,1590802483.83,0.0,UGA,Uganda,UGA.25_1,Kiboga,,,District,District,10,UG.KG
265.34363956,285.038831107,305.144499382,319.840436909,343.579887546,367.811073479,0.0305617263695,0.0,0.0,0.0963869780383,0.088158612147,0.0693515307776,0.0446670443101,0.0,0.0,0.0622990108344,0.0282108419257,0.0493688704538,0.122246618748,6.0,0.0,0.0,6.0,5.0,6.0,7.0,0.0,0.0,5.0,6.0,6.0,7.0,0.0,0.0,0.0,0.0,0.0,0.0,0.0,0.0,0.0,0.0,0.0,0.0,0.0,334.690363832,0.104081850167,254334065.541,0.0,UGA,Uganda,UGA.26_1,Kisoro,,,District,District,40,UG.KR
24.3705258797,29.7026664745,36.093124034,28.370316573,34.5775999262,42.0169100217,0.00373951089466,0.0226143257968,0.00890350927331,0.0109513396313,0.0,0.00810217282038,0.00649958655295,0.0,0.00373945715687,0.0079241016252,0.0,0.0,0.0073009497856,6.0,11.0,7.0,9.0,0.0,6.0,8.0,0.0,6.0,7.0,0.0,0.0,9.0,0.0,0.0,0.0,0.0,0.0,0.0,0.0,0.0,0.0,0.0,0.0,0.0,0.0,445.833540335,0.0123522816144,5693014202.95,NA,UGA,Uganda,UGA.27_1,Kitgum,,,District,District,12,UG.TG
22.5537361637,30.0990248482,40.3816183683,26.2515123397,35.0347237542,47.0044055481,0.0,0.0,0.0,0.0,0.0,0.0,0.0,0.0,0.0,0.0,0.0,0.0,0.0,0.0,0.0,0.0,0.0,0.0,0.0,0.0,0.0,0.0,0.0,0.0,0.0,0.0,0.0,0.0,0.0,0.0,0.0,0.0,0.0,0.0,0.0,0.0,0.0,0.0,0.0,443.023341107,0.0152122811092,7710841618.67,NA,UGA,Uganda,UGA.28_1,Kotido,,,District,District,12,UG.KF
115.919621837,143.486987703,176.965599803,138.619090729,171.600927089,211.659116115,0.0,0.0104472595263,0.0,0.0130293108627,0.0104471904417,0.0179095243431,0.0,0.0,0.0,0.0,0.0,0.0,0.0,0.0,7.0,0.0,5.0,5.0,5.0,0.0,0.0,0.0,0.0,0.0,0.0,0.0,0.0,0.0,0.0,0.0,0.0,0.0,0.0,0.0,0.0,0.0,0.0,0.0,0.0,135.92000546,0.0493276592351,1177538810.27,NA,UGA,Uganda,UGA.29_1,Kumi,,,District,District,20,UG.KU
76.6526582532,91.8917308629,109.761005641,89.0786210293,106.788061901,127.554082858,0.0,0.0,0.0,0.0,0.0,0.00850577324847,0.0107877948116,0.0,0.0,0.0,0.0,0.0,0.0,0.0,0.0,0.0,0.0,0.0,6.0,7.0,0.0,0.0,0.0,0.0,0.0,0.0,0.0,0.0,0.0,0.0,0.0,0.0,0.0,0.0,0.0,0.0,0.0,0.0,0.0,276.519000003,0.0299952329497,1626531991.09,NA,UGA,Uganda,UGA.30_1,Kyenjojo,,,District,District,41,UG.KJ
19.534333101,24.3472772114,30.3016456486,76.6175683736,95.5528906543,118.988455097,0.0,0.0,0.0,0.0,0.0,0.0,0.0,0.0,0.0,0.0,0.00323512511888,0.000573713479216,0.0133733591329,0.0,0.0,0.0,0.0,0.0,0.0,0.0,0.0,0.0,0.0,6.0,6.0,7.0,0.0,0.0,0.0,0.0,0.0,0.0,0.0,0.0,0.0,0.0,0.0,0.0,0.0,221.876441306,0.000670034751275,1502981154.17,NA,UGA,Uganda,UGA.31_1,Lake Albert,,,Water body,Water body,,
52.6446969771,63.1517489836,75.7361746274,235.048799347,281.950727232,338.27192921,0.0376308450006,0.0292521983692,0.0375462973792,0.0456473216487,0.0741770353694,0.0662088581779,0.0421892208836,0.0288256390413,0.0346485827234,0.0321557956032,0.0384016793133,0.0379334711387,0.0466649786062,45.0,37.0,32.0,37.0,36.0,52.0,32.0,30.0,35.0,22.0,29.0,31.0,20.0,0.0,0.0,0.0,0.0,0.0,0.0,0.0,0.0,0.0,0.0,0.0,0.0,0.0,212.683259475,0.0110998862297,6989198407.4,NA,UGA,Uganda,UGA.32_1,Lake Victoria,,,Water body,Water body,,
94.7190696869,111.501611183,130.794644815,113.193792573,133.204481816,156.200423691,0.0444883557946,0.097078646035,0.0724256998075,0.0583388524727,0.0522357639032,0.0795854079935,0.0610395542623,0.0370929593482,0.0219506018299,0.0521179536131,0.0475401576399,0.0602179076787,0.0584571691009,12.0,14.0,15.0,12.0,14.0,13.0,14.0,12.0,8.0,12.0,13.0,17.0,13.0,0.0,0.0,0.0,0.0,0.0,0.0,0.0,0.0,0.0,0.0,0.0,0.0,0.0,181.699529238,0.0476706289988,3402297353.01,0.0,UGA,Uganda,UGA.33_1,Lira,,,District,District,30,UG.LA
71.2067539335,81.7171041564,93.4608022613,82.7541439476,94.9689779926,108.617185159,0.0412440292722,0.0649405214592,0.0459588025452,0.0753012666575,0.0772516965907,0.109977694129,0.0550121704483,0.00243742809274,0.00599864536335,0.0380188919479,0.0299000423067,0.0254048469761,0.0814179291659,8.0,7.0,7.0,7.0,8.0,8.0,7.0,7.0,6.0,7.0,7.0,7.0,7.0,0.0,0.0,0.0,0.0,0.0,0.0,0.0,0.0,0.0,0.0,0.0,0.0,0.0,182.365155802,0.0410116962218,2135811853.49,0.0,UGA,Uganda,UGA.34_1,Luwero,Luweero,,District,District,10,UG.LW
186.546939248,196.017610171,205.21633869,217.959139601,229.024955128,239.772984348,0.329379727756,0.294971040198,0.357626752719,0.48805342263,0.552107230894,0.485967957978,0.278110763665,0.214850799512,0.190718107852,0.338742566665,0.253664398069,0.268050068541,0.397117669425,28.0,25.0,24.0,33.0,26.0,32.0,19.0,17.0,15.0,21.0,17.0,21.0,19.0,0.0,0.0,0.0,0.0,0.0,0.0,0.0,0.0,0.0,0.0,0.0,0.0,0.0,87.4146104527,0.211367132672,1049490994.86,NA,UGA,Uganda,UGA.35_1,Masaka,,,District,District,10,UG.MA
42.8630163375,54.6123123576,69.476210301,50.1117252701,63.8298258673,81.1813421505,0.00646528956718,0.0140081937614,0.0242939833627,0.0249797487482,0.0112653848625,0.0230205725076,0.0250777733561,0.00274283996653,0.0092081067845,0.0191020174156,0.0134204437215,0.0166531218135,0.0435923254747,6.0,7.0,9.0,8.0,7.0,8.0,8.0,7.0,7.0,8.0,8.0,8.0,9.0,0.0,0.0,0.0,0.0,0.0,0.0,0.0,0.0,0.0,0.0,0.0,0.0,0.0,338.235560936,0.0238772800243,4067028743.56,NA,UGA,Uganda,UGA.36_1,Masindi,,,District,District,11,UG.MC
